ISO_3_CODE,COUNTRYNAME,DESCRIPTION,FIRST_INTRO_YEAR
AFG,Afghanistan,HepB birth dose,2014.0
AFG,Afghanistan,Hepatitis B vaccine,2006.0
AFG,Afghanistan,Hib (Haemophilus influenzae type B) vaccine,2009.0
AFG,Afghanistan,IPV (Inactivated polio vaccine),2015.0
AFG,Afghanistan,IPV (Inactivated polio vaccine) 2nd dose,2020.0
AFG,Afghanistan,Measles-containing vaccine 2nd dose,2004.0
AFG,Afghanistan,PCV (Pneumococcal conjugate vaccine),2014.0
AFG,Afghanistan,Rotavirus vaccine,2018.0
AGO,Angola,HepB birth dose,2015.0
AGO,Angola,Hepatitis B vaccine,2006.0
AGO,Angola,Hib (Haemophilus influenzae type B) vaccine,2006.0
AGO,Angola,IPV (Inactivated polio vaccine),2017.0
AGO,Angola,IPV (Inactivated polio vaccine) 2nd dose,2022.0
AGO,Angola,Measles-containing vaccine 2nd dose,2015.0
AGO,Angola,PCV (Pneumococcal conjugate vaccine),2013.0
AGO,Angola,Rotavirus vaccine,2014.0
AGO,Angola,Rubella vaccine,2018.0
AGO,Angola,YF (Yellow fever) vaccine,1999.0
ALB,Albania,HPV (Human Papilloma Virus) vaccine,2022.0
ALB,Albania,HepB birth dose,1998.0
ALB,Albania,Hepatitis B vaccine,1994.0
ALB,Albania,Hib (Haemophilus influenzae type B) vaccine,2009.0
ALB,Albania,IPV (Inactivated polio vaccine),2014.0
ALB,Albania,IPV (Inactivated polio vaccine) 2nd dose,2014.0
ALB,Albania,Measles-containing vaccine 2nd dose,2001.0
ALB,Albania,Mumps vaccine,2005.0
ALB,Albania,PCV (Pneumococcal conjugate vaccine),2011.0
ALB,Albania,Rotavirus vaccine,2019.0
ALB,Albania,Rubella vaccine,2001.0
ALB,Albania,Seasonal Influenza vaccine,2016.0
AND,Andorra,HPV (Human Papilloma Virus) vaccine,2014.0
AND,Andorra,HepB birth dose,1998.0
AND,Andorra,Hepatitis B vaccine,1997.0
AND,Andorra,Hib (Haemophilus influenzae type B) vaccine,1999.0
AND,Andorra,IPV (Inactivated polio vaccine),1999.0
AND,Andorra,IPV (Inactivated polio vaccine) 2nd dose,2002.0
AND,Andorra,Measles-containing vaccine 2nd dose,1997.0
AND,Andorra,Meningococcal meningitis vaccines (all strains),2003.0
AND,Andorra,Mumps vaccine,2002.0
AND,Andorra,PCV (Pneumococcal conjugate vaccine),2007.0
AND,Andorra,Rotavirus vaccine,2020.0
AND,Andorra,Rubella vaccine,1997.0
AND,Andorra,Seasonal Influenza vaccine,2014.0
AND,Andorra,Varicella vaccine,2016.0
AND,Andorra,aP (acellular pertussis) vaccine,2006.0
ARE,United Arab Emirates,HPV (Human Papilloma Virus) vaccine,2013.0
ARE,United Arab Emirates,HepB birth dose,2010.0
ARE,United Arab Emirates,Hepatitis A vaccine,2012.0
ARE,United Arab Emirates,Hepatitis B vaccine,1990.0
ARE,United Arab Emirates,Hib (Haemophilus influenzae type B) vaccine,1999.0
ARE,United Arab Emirates,IPV (Inactivated polio vaccine),1997.0
ARE,United Arab Emirates,IPV (Inactivated polio vaccine) 2nd dose,2015.0
ARE,United Arab Emirates,Measles-containing vaccine 2nd dose,1985.0
ARE,United Arab Emirates,Meningococcal meningitis vaccines (all strains),2004.0
ARE,United Arab Emirates,Mumps vaccine,1996.0
ARE,United Arab Emirates,PCV (Pneumococcal conjugate vaccine),2007.0
ARE,United Arab Emirates,PPV (Pneumococcal polysaccharide vaccine),2004.0
ARE,United Arab Emirates,Rotavirus vaccine,2014.0
ARE,United Arab Emirates,Rubella vaccine,1985.0
ARE,United Arab Emirates,Seasonal Influenza vaccine,2006.0
ARE,United Arab Emirates,Varicella vaccine,2004.0
ARE,United Arab Emirates,aP (acellular pertussis) vaccine,2015.0
ARG,Argentina,HPV (Human Papilloma Virus) vaccine,2011.0
ARG,Argentina,HepB birth dose,2000.0
ARG,Argentina,Hepatitis A vaccine,2005.0
ARG,Argentina,Hepatitis B vaccine,2000.0
ARG,Argentina,Hib (Haemophilus influenzae type B) vaccine,1997.0
ARG,Argentina,IPV (Inactivated polio vaccine),2016.0
ARG,Argentina,IPV (Inactivated polio vaccine) 2nd dose,2018.0
ARG,Argentina,Measles-containing vaccine 2nd dose,1998.0
ARG,Argentina,Meningococcal meningitis vaccines (all strains),2007.0
ARG,Argentina,Mumps vaccine,1997.0
ARG,Argentina,PCV (Pneumococcal conjugate vaccine),2007.0
ARG,Argentina,PPV (Pneumococcal polysaccharide vaccine),2007.0
ARG,Argentina,Rotavirus vaccine,2015.0
ARG,Argentina,Rubella vaccine,1998.0
ARG,Argentina,Seasonal Influenza vaccine,1993.0
ARG,Argentina,Varicella vaccine,2007.0
ARG,Argentina,aP (acellular pertussis) vaccine,2009.0
ARM,Armenia,HPV (Human Papilloma Virus) vaccine,2017.0
ARM,Armenia,HepB birth dose,1999.0
ARM,Armenia,Hepatitis A vaccine,2015.0
ARM,Armenia,Hepatitis B vaccine,1999.0
ARM,Armenia,Hib (Haemophilus influenzae type B) vaccine,2009.0
ARM,Armenia,IPV (Inactivated polio vaccine),2016.0
ARM,Armenia,IPV (Inactivated polio vaccine) 2nd dose,2021.0
ARM,Armenia,Measles-containing vaccine 2nd dose,1991.0
ARM,Armenia,Meningococcal meningitis vaccines (all strains),2015.0
ARM,Armenia,Mumps vaccine,1995.0
ARM,Armenia,PCV (Pneumococcal conjugate vaccine),2014.0
ARM,Armenia,Rotavirus vaccine,2012.0
ARM,Armenia,Rubella vaccine,2002.0
ARM,Armenia,Seasonal Influenza vaccine,2015.0
ARM,Armenia,aP (acellular pertussis) vaccine,2019.0
ATG,Antigua and Barbuda,HPV (Human Papilloma Virus) vaccine,2018.0
ATG,Antigua and Barbuda,HepB birth dose,2021.0
ATG,Antigua and Barbuda,Hepatitis B vaccine,1999.0
ATG,Antigua and Barbuda,Hib (Haemophilus influenzae type B) vaccine,2000.0
ATG,Antigua and Barbuda,IPV (Inactivated polio vaccine),2015.0
ATG,Antigua and Barbuda,IPV (Inactivated polio vaccine) 2nd dose,2015.0
ATG,Antigua and Barbuda,Measles-containing vaccine 2nd dose,1997.0
ATG,Antigua and Barbuda,Mumps vaccine,1988.0
ATG,Antigua and Barbuda,PCV (Pneumococcal conjugate vaccine),2016.0
ATG,Antigua and Barbuda,PPV (Pneumococcal polysaccharide vaccine),2016.0
ATG,Antigua and Barbuda,Rubella vaccine,1988.0
ATG,Antigua and Barbuda,Seasonal Influenza vaccine,2007.0
ATG,Antigua and Barbuda,Varicella vaccine,2016.0
AUS,Australia,HPV (Human Papilloma Virus) vaccine,2007.0
AUS,Australia,HepB birth dose,2000.0
AUS,Australia,Hepatitis A vaccine,2005.0
AUS,Australia,Hepatitis B vaccine,1998.0
AUS,Australia,Hib (Haemophilus influenzae type B) vaccine,1993.0
AUS,Australia,IPV (Inactivated polio vaccine),2005.0
AUS,Australia,IPV (Inactivated polio vaccine) 2nd dose,2005.0
AUS,Australia,Measles-containing vaccine 2nd dose,1994.0
AUS,Australia,Meningococcal meningitis vaccines (all strains),2003.0
AUS,Australia,Mumps vaccine,1994.0
AUS,Australia,PCV (Pneumococcal conjugate vaccine),2005.0
AUS,Australia,PPV (Pneumococcal polysaccharide vaccine),2001.0
AUS,Australia,Rotavirus vaccine,2007.0
AUS,Australia,Rubella vaccine,1989.0
AUS,Australia,Seasonal Influenza vaccine,1999.0
AUS,Australia,Varicella vaccine,2005.0
AUS,Australia,aP (acellular pertussis) vaccine,2002.0
AUT,Austria,HPV (Human Papilloma Virus) vaccine,2014.0
AUT,Austria,Hepatitis B vaccine,1997.0
AUT,Austria,Hib (Haemophilus influenzae type B) vaccine,1994.0
AUT,Austria,IPV (Inactivated polio vaccine),2002.0
AUT,Austria,IPV (Inactivated polio vaccine) 2nd dose,2002.0
AUT,Austria,Measles-containing vaccine 2nd dose,1973.0
AUT,Austria,Meningococcal meningitis vaccines (all strains),2014.0
AUT,Austria,Mumps vaccine,1995.0
AUT,Austria,PCV (Pneumococcal conjugate vaccine),2002.0
AUT,Austria,Rotavirus vaccine,2006.0
AUT,Austria,Rubella vaccine,1972.0
AUT,Austria,Seasonal Influenza vaccine,2007.0
AUT,Austria,aP (acellular pertussis) vaccine,2006.0
AZE,Azerbaijan,HepB birth dose,2001.0
AZE,Azerbaijan,Hepatitis B vaccine,2001.0
AZE,Azerbaijan,Hib (Haemophilus influenzae type B) vaccine,2011.0
AZE,Azerbaijan,IPV (Inactivated polio vaccine),2016.0
AZE,Azerbaijan,IPV (Inactivated polio vaccine) 2nd dose,2022.0
AZE,Azerbaijan,Measles-containing vaccine 2nd dose,2001.0
AZE,Azerbaijan,Mumps vaccine,2003.0
AZE,Azerbaijan,PCV (Pneumococcal conjugate vaccine),2013.0
AZE,Azerbaijan,Rubella vaccine,2003.0
AZE,Azerbaijan,Seasonal Influenza vaccine,2020.0
BDI,Burundi,Hepatitis B vaccine,2004.0
BDI,Burundi,Hib (Haemophilus influenzae type B) vaccine,2004.0
BDI,Burundi,IPV (Inactivated polio vaccine),2015.0
BDI,Burundi,Measles-containing vaccine 2nd dose,2013.0
BDI,Burundi,PCV (Pneumococcal conjugate vaccine),2011.0
BDI,Burundi,Rotavirus vaccine,2013.0
BDI,Burundi,Rubella vaccine,2017.0
BEL,Belgium,HPV (Human Papilloma Virus) vaccine,2008.0
BEL,Belgium,HepB birth dose,2014.0
BEL,Belgium,Hepatitis B vaccine,1996.0
BEL,Belgium,Hib (Haemophilus influenzae type B) vaccine,1993.0
BEL,Belgium,IPV (Inactivated polio vaccine),2001.0
BEL,Belgium,IPV (Inactivated polio vaccine) 2nd dose,2002.0
BEL,Belgium,Measles-containing vaccine 2nd dose,1994.0
BEL,Belgium,Meningococcal meningitis vaccines (all strains),2002.0
BEL,Belgium,Mumps vaccine,1995.0
BEL,Belgium,PCV (Pneumococcal conjugate vaccine),2006.0
BEL,Belgium,PPV (Pneumococcal polysaccharide vaccine),2023.0
BEL,Belgium,Rotavirus vaccine,2007.0
BEL,Belgium,Rubella vaccine,1985.0
BEL,Belgium,Seasonal Influenza vaccine,2007.0
BEL,Belgium,aP (acellular pertussis) vaccine,2006.0
BEN,Benin,HepB birth dose,2020.0
BEN,Benin,Hepatitis B vaccine,2002.0
BEN,Benin,Hib (Haemophilus influenzae type B) vaccine,2005.0
BEN,Benin,IPV (Inactivated polio vaccine),2015.0
BEN,Benin,Meningococcal meningitis vaccines (all strains),2022.0
BEN,Benin,PCV (Pneumococcal conjugate vaccine),2011.0
BEN,Benin,Rotavirus vaccine,2019.0
BEN,Benin,Rubella vaccine,2019.0
BEN,Benin,YF (Yellow fever) vaccine,2002.0
BFA,Burkina Faso,HPV (Human Papilloma Virus) vaccine,2022.0
BFA,Burkina Faso,HepB birth dose,2022.0
BFA,Burkina Faso,Hepatitis B vaccine,2006.0
BFA,Burkina Faso,Hib (Haemophilus influenzae type B) vaccine,2006.0
BFA,Burkina Faso,IPV (Inactivated polio vaccine),2018.0
BFA,Burkina Faso,IPV (Inactivated polio vaccine) 2nd dose,2021.0
BFA,Burkina Faso,Measles-containing vaccine 2nd dose,2014.0
BFA,Burkina Faso,Meningococcal meningitis vaccines (all strains),2017.0
BFA,Burkina Faso,PCV (Pneumococcal conjugate vaccine),2013.0
BFA,Burkina Faso,Rotavirus vaccine,2013.0
BFA,Burkina Faso,Rubella vaccine,2015.0
BFA,Burkina Faso,YF (Yellow fever) vaccine,1985.0
BFA,Burkina Faso,aP (acellular pertussis) vaccine,2020.0
BGD,Bangladesh,Hepatitis B vaccine,2003.0
BGD,Bangladesh,Hib (Haemophilus influenzae type B) vaccine,2009.0
BGD,Bangladesh,IPV (Inactivated polio vaccine),2015.0
BGD,Bangladesh,Measles-containing vaccine 2nd dose,2012.0
BGD,Bangladesh,PCV (Pneumococcal conjugate vaccine),2015.0
BGD,Bangladesh,Rubella vaccine,2012.0
BGR,Bulgaria,HPV (Human Papilloma Virus) vaccine,2017.0
BGR,Bulgaria,HepB birth dose,1998.0
BGR,Bulgaria,Hepatitis B vaccine,1991.0
BGR,Bulgaria,Hib (Haemophilus influenzae type B) vaccine,2010.0
BGR,Bulgaria,IPV (Inactivated polio vaccine),2007.0
BGR,Bulgaria,IPV (Inactivated polio vaccine) 2nd dose,2007.0
BGR,Bulgaria,Measles-containing vaccine 2nd dose,1983.0
BGR,Bulgaria,Mumps vaccine,1995.0
BGR,Bulgaria,PCV (Pneumococcal conjugate vaccine),2010.0
BGR,Bulgaria,Rotavirus vaccine,2018.0
BGR,Bulgaria,Rubella vaccine,1992.0
BGR,Bulgaria,Seasonal Influenza vaccine,2008.0
BGR,Bulgaria,aP (acellular pertussis) vaccine,2007.0
BHR,Bahrain,HPV (Human Papilloma Virus) vaccine,2023.0
BHR,Bahrain,HepB birth dose,2012.0
BHR,Bahrain,Hepatitis A vaccine,2004.0
BHR,Bahrain,Hepatitis B vaccine,1991.0
BHR,Bahrain,Hib (Haemophilus influenzae type B) vaccine,1998.0
BHR,Bahrain,IPV (Inactivated polio vaccine),2008.0
BHR,Bahrain,IPV (Inactivated polio vaccine) 2nd dose,2015.0
BHR,Bahrain,Measles-containing vaccine 2nd dose,1985.0
BHR,Bahrain,Meningococcal meningitis vaccines (all strains),2002.0
BHR,Bahrain,Mumps vaccine,1996.0
BHR,Bahrain,PCV (Pneumococcal conjugate vaccine),2002.0
BHR,Bahrain,PPV (Pneumococcal polysaccharide vaccine),2002.0
BHR,Bahrain,Rotavirus vaccine,2008.0
BHR,Bahrain,Rubella vaccine,1985.0
BHR,Bahrain,Seasonal Influenza vaccine,2008.0
BHR,Bahrain,Varicella vaccine,2006.0
BHR,Bahrain,aP (acellular pertussis) vaccine,2006.0
BHS,Bahamas,HPV (Human Papilloma Virus) vaccine,2015.0
BHS,Bahamas,Hepatitis A vaccine,2018.0
BHS,Bahamas,Hepatitis B vaccine,2001.0
BHS,Bahamas,Hib (Haemophilus influenzae type B) vaccine,1998.0
BHS,Bahamas,IPV (Inactivated polio vaccine),2015.0
BHS,Bahamas,IPV (Inactivated polio vaccine) 2nd dose,2016.0
BHS,Bahamas,Measles-containing vaccine 2nd dose,2001.0
BHS,Bahamas,Meningococcal meningitis vaccines (all strains),2017.0
BHS,Bahamas,Mumps vaccine,1991.0
BHS,Bahamas,PCV (Pneumococcal conjugate vaccine),2008.0
BHS,Bahamas,PPV (Pneumococcal polysaccharide vaccine),2019.0
BHS,Bahamas,Rotavirus vaccine,2017.0
BHS,Bahamas,Rubella vaccine,1991.0
BHS,Bahamas,Seasonal Influenza vaccine,2005.0
BHS,Bahamas,Varicella vaccine,2011.0
BHS,Bahamas,aP (acellular pertussis) vaccine,2009.0
BIH,Bosnia and Herzegovina,HPV (Human Papilloma Virus) vaccine,2022.0
BIH,Bosnia and Herzegovina,HepB birth dose,2001.0
BIH,Bosnia and Herzegovina,Hepatitis A vaccine,2018.0
BIH,Bosnia and Herzegovina,Hepatitis B vaccine,1999.0
BIH,Bosnia and Herzegovina,Hib (Haemophilus influenzae type B) vaccine,2003.0
BIH,Bosnia and Herzegovina,IPV (Inactivated polio vaccine),2008.0
BIH,Bosnia and Herzegovina,IPV (Inactivated polio vaccine) 2nd dose,2008.0
BIH,Bosnia and Herzegovina,Measles-containing vaccine 2nd dose,1991.0
BIH,Bosnia and Herzegovina,Meningococcal meningitis vaccines (all strains),2022.0
BIH,Bosnia and Herzegovina,Mumps vaccine,1995.0
BIH,Bosnia and Herzegovina,PCV (Pneumococcal conjugate vaccine),2018.0
BIH,Bosnia and Herzegovina,PPV (Pneumococcal polysaccharide vaccine),2018.0
BIH,Bosnia and Herzegovina,Rubella vaccine,1991.0
BIH,Bosnia and Herzegovina,Seasonal Influenza vaccine,2015.0
BIH,Bosnia and Herzegovina,aP (acellular pertussis) vaccine,2008.0
BLR,Belarus,HepB birth dose,2002.0
BLR,Belarus,Hepatitis B vaccine,1996.0
BLR,Belarus,Hib (Haemophilus influenzae type B) vaccine,2007.0
BLR,Belarus,IPV (Inactivated polio vaccine),1991.0
BLR,Belarus,IPV (Inactivated polio vaccine) 2nd dose,2004.0
BLR,Belarus,Measles-containing vaccine 2nd dose,1991.0
BLR,Belarus,Mumps vaccine,1995.0
BLR,Belarus,PCV (Pneumococcal conjugate vaccine),2014.0
BLR,Belarus,Rubella vaccine,1996.0
BLR,Belarus,Seasonal Influenza vaccine,1991.0
BLR,Belarus,aP (acellular pertussis) vaccine,2014.0
BLZ,Belize,HPV (Human Papilloma Virus) vaccine,2016.0
BLZ,Belize,HepB birth dose,2018.0
BLZ,Belize,Hepatitis B vaccine,2000.0
BLZ,Belize,Hib (Haemophilus influenzae type B) vaccine,2001.0
BLZ,Belize,IPV (Inactivated polio vaccine),2015.0
BLZ,Belize,IPV (Inactivated polio vaccine) 2nd dose,2020.0
BLZ,Belize,Measles-containing vaccine 2nd dose,2005.0
BLZ,Belize,Mumps vaccine,1996.0
BLZ,Belize,PCV (Pneumococcal conjugate vaccine),2023.0
BLZ,Belize,Rubella vaccine,1996.0
BLZ,Belize,Seasonal Influenza vaccine,2008.0
BOL,Bolivia (Plurinational State of),HPV (Human Papilloma Virus) vaccine,2017.0
BOL,Bolivia (Plurinational State of),Hepatitis B vaccine,2000.0
BOL,Bolivia (Plurinational State of),Hib (Haemophilus influenzae type B) vaccine,2000.0
BOL,Bolivia (Plurinational State of),IPV (Inactivated polio vaccine),2016.0
BOL,Bolivia (Plurinational State of),IPV (Inactivated polio vaccine) 2nd dose,2021.0
BOL,Bolivia (Plurinational State of),Measles-containing vaccine 2nd dose,2018.0
BOL,Bolivia (Plurinational State of),Mumps vaccine,1999.0
BOL,Bolivia (Plurinational State of),PCV (Pneumococcal conjugate vaccine),2014.0
BOL,Bolivia (Plurinational State of),Rotavirus vaccine,2008.0
BOL,Bolivia (Plurinational State of),Rubella vaccine,2000.0
BOL,Bolivia (Plurinational State of),Seasonal Influenza vaccine,2010.0
BOL,Bolivia (Plurinational State of),YF (Yellow fever) vaccine,2001.0
BRA,Brazil,HPV (Human Papilloma Virus) vaccine,2013.0
BRA,Brazil,HepB birth dose,1998.0
BRA,Brazil,Hepatitis A vaccine,2003.0
BRA,Brazil,Hepatitis B vaccine,1989.0
BRA,Brazil,Hib (Haemophilus influenzae type B) vaccine,1999.0
BRA,Brazil,IPV (Inactivated polio vaccine),2012.0
BRA,Brazil,IPV (Inactivated polio vaccine) 2nd dose,2012.0
BRA,Brazil,Measles-containing vaccine 2nd dose,1992.0
BRA,Brazil,Meningococcal meningitis vaccines (all strains),2003.0
BRA,Brazil,Mumps vaccine,1992.0
BRA,Brazil,PCV (Pneumococcal conjugate vaccine),2004.0
BRA,Brazil,Rotavirus vaccine,2006.0
BRA,Brazil,Rubella vaccine,1992.0
BRA,Brazil,Seasonal Influenza vaccine,1999.0
BRA,Brazil,Varicella vaccine,2010.0
BRA,Brazil,YF (Yellow fever) vaccine,2017.0
BRA,Brazil,aP (acellular pertussis) vaccine,2009.0
BRB,Barbados,HPV (Human Papilloma Virus) vaccine,2014.0
BRB,Barbados,Hepatitis A vaccine,2018.0
BRB,Barbados,Hepatitis B vaccine,2000.0
BRB,Barbados,Hib (Haemophilus influenzae type B) vaccine,2000.0
BRB,Barbados,IPV (Inactivated polio vaccine),2015.0
BRB,Barbados,IPV (Inactivated polio vaccine) 2nd dose,2019.0
BRB,Barbados,Measles-containing vaccine 2nd dose,1997.0
BRB,Barbados,Mumps vaccine,1982.0
BRB,Barbados,PCV (Pneumococcal conjugate vaccine),2009.0
BRB,Barbados,Rubella vaccine,1982.0
BRB,Barbados,Seasonal Influenza vaccine,2006.0
BRB,Barbados,Varicella vaccine,2009.0
BRB,Barbados,aP (acellular pertussis) vaccine,2019.0
BRN,Brunei Darussalam,HPV (Human Papilloma Virus) vaccine,2012.0
BRN,Brunei Darussalam,HepB birth dose,1998.0
BRN,Brunei Darussalam,Hepatitis B vaccine,1983.0
BRN,Brunei Darussalam,Hib (Haemophilus influenzae type B) vaccine,2002.0
BRN,Brunei Darussalam,IPV (Inactivated polio vaccine),2011.0
BRN,Brunei Darussalam,IPV (Inactivated polio vaccine) 2nd dose,2012.0
BRN,Brunei Darussalam,Measles-containing vaccine 2nd dose,1988.0
BRN,Brunei Darussalam,Meningococcal meningitis vaccines (all strains),2018.0
BRN,Brunei Darussalam,Mumps vaccine,1998.0
BRN,Brunei Darussalam,PCV (Pneumococcal conjugate vaccine),2018.0
BRN,Brunei Darussalam,Rubella vaccine,1984.0
BRN,Brunei Darussalam,Seasonal Influenza vaccine,2010.0
BRN,Brunei Darussalam,aP (acellular pertussis) vaccine,2011.0
BTN,Bhutan,HPV (Human Papilloma Virus) vaccine,2009.0
BTN,Bhutan,HepB birth dose,2011.0
BTN,Bhutan,Hepatitis B vaccine,1997.0
BTN,Bhutan,Hib (Haemophilus influenzae type B) vaccine,2011.0
BTN,Bhutan,IPV (Inactivated polio vaccine),2015.0
BTN,Bhutan,IPV (Inactivated polio vaccine) 2nd dose,2021.0
BTN,Bhutan,Measles-containing vaccine 2nd dose,2006.0
BTN,Bhutan,Mumps vaccine,2016.0
BTN,Bhutan,PCV (Pneumococcal conjugate vaccine),2019.0
BTN,Bhutan,Rubella vaccine,2006.0
BTN,Bhutan,Seasonal Influenza vaccine,2019.0
BTN,Bhutan,aP (acellular pertussis) vaccine,2018.0
BWA,Botswana,HPV (Human Papilloma Virus) vaccine,2015.0
BWA,Botswana,HepB birth dose,1998.0
BWA,Botswana,Hepatitis B vaccine,1994.0
BWA,Botswana,Hib (Haemophilus influenzae type B) vaccine,2011.0
BWA,Botswana,IPV (Inactivated polio vaccine),2015.0
BWA,Botswana,Measles-containing vaccine 2nd dose,2011.0
BWA,Botswana,PCV (Pneumococcal conjugate vaccine),2012.0
BWA,Botswana,Rotavirus vaccine,2012.0
BWA,Botswana,Rubella vaccine,2016.0
CAF,Central African Republic,Hepatitis B vaccine,2008.0
CAF,Central African Republic,Hib (Haemophilus influenzae type B) vaccine,2008.0
CAF,Central African Republic,IPV (Inactivated polio vaccine),2015.0
CAF,Central African Republic,Meningococcal meningitis vaccines (all strains),2017.0
CAF,Central African Republic,PCV (Pneumococcal conjugate vaccine),2011.0
CAF,Central African Republic,YF (Yellow fever) vaccine,1979.0
CAN,Canada,HPV (Human Papilloma Virus) vaccine,2007.0
CAN,Canada,HepB birth dose,2018.0
CAN,Canada,Hepatitis A vaccine,2006.0
CAN,Canada,Hepatitis B vaccine,1992.0
CAN,Canada,Hib (Haemophilus influenzae type B) vaccine,1986.0
CAN,Canada,IPV (Inactivated polio vaccine),1955.0
CAN,Canada,IPV (Inactivated polio vaccine) 2nd dose,2002.0
CAN,Canada,Measles-containing vaccine 2nd dose,1996.0
CAN,Canada,Meningococcal meningitis vaccines (all strains),2001.0
CAN,Canada,Mumps vaccine,1983.0
CAN,Canada,PCV (Pneumococcal conjugate vaccine),2002.0
CAN,Canada,PPV (Pneumococcal polysaccharide vaccine),2006.0
CAN,Canada,Rotavirus vaccine,2010.0
CAN,Canada,Rubella vaccine,1972.0
CAN,Canada,Seasonal Influenza vaccine,1970.0
CAN,Canada,Varicella vaccine,2001.0
CAN,Canada,aP (acellular pertussis) vaccine,2006.0
CHE,Switzerland,HPV (Human Papilloma Virus) vaccine,2006.0
CHE,Switzerland,HepB birth dose,2014.0
CHE,Switzerland,Hepatitis B vaccine,1997.0
CHE,Switzerland,Hib (Haemophilus influenzae type B) vaccine,1990.0
CHE,Switzerland,IPV (Inactivated polio vaccine),1957.0
CHE,Switzerland,IPV (Inactivated polio vaccine) 2nd dose,2002.0
CHE,Switzerland,Measles-containing vaccine 2nd dose,1996.0
CHE,Switzerland,Meningococcal meningitis vaccines (all strains),2003.0
CHE,Switzerland,Mumps vaccine,1995.0
CHE,Switzerland,PCV (Pneumococcal conjugate vaccine),2003.0
CHE,Switzerland,PPV (Pneumococcal polysaccharide vaccine),2008.0
CHE,Switzerland,Rubella vaccine,1973.0
CHE,Switzerland,Seasonal Influenza vaccine,2012.0
CHE,Switzerland,Varicella vaccine,2004.0
CHE,Switzerland,aP (acellular pertussis) vaccine,2002.0
CHL,Chile,HPV (Human Papilloma Virus) vaccine,2014.0
CHL,Chile,HepB birth dose,2017.0
CHL,Chile,Hepatitis A vaccine,2014.0
CHL,Chile,Hepatitis B vaccine,2005.0
CHL,Chile,Hib (Haemophilus influenzae type B) vaccine,1996.0
CHL,Chile,IPV (Inactivated polio vaccine),2016.0
CHL,Chile,IPV (Inactivated polio vaccine) 2nd dose,2018.0
CHL,Chile,Measles-containing vaccine 2nd dose,1992.0
CHL,Chile,Meningococcal meningitis vaccines (all strains),2012.0
CHL,Chile,Mumps vaccine,1990.0
CHL,Chile,PCV (Pneumococcal conjugate vaccine),2008.0
CHL,Chile,PPV (Pneumococcal polysaccharide vaccine),2007.0
CHL,Chile,Rotavirus vaccine,2019.0
CHL,Chile,Rubella vaccine,1990.0
CHL,Chile,Seasonal Influenza vaccine,1975.0
CHL,Chile,Varicella vaccine,2019.0
CHL,Chile,YF (Yellow fever) vaccine,2018.0
CHL,Chile,aP (acellular pertussis) vaccine,2013.0
CHN,China,HepB birth dose,2002.0
CHN,China,Hepatitis A vaccine,2007.0
CHN,China,Hepatitis B vaccine,2002.0
CHN,China,IPV (Inactivated polio vaccine),2015.0
CHN,China,IPV (Inactivated polio vaccine) 2nd dose,2019.0
CHN,China,Japanese Encephalitis,2003.0
CHN,China,Measles-containing vaccine 2nd dose,1986.0
CHN,China,Meningococcal meningitis vaccines (all strains),2008.0
CHN,China,Mumps vaccine,2007.0
CHN,China,Rubella vaccine,1998.0
CHN,China,Seasonal Influenza vaccine,2019.0
CHN,China,aP (acellular pertussis) vaccine,2012.0
CIV,Côte d'Ivoire,HPV (Human Papilloma Virus) vaccine,2019.0
CIV,Côte d'Ivoire,HepB birth dose,2019.0
CIV,Côte d'Ivoire,Hepatitis B vaccine,1999.0
CIV,Côte d'Ivoire,Hib (Haemophilus influenzae type B) vaccine,2009.0
CIV,Côte d'Ivoire,IPV (Inactivated polio vaccine),2015.0
CIV,Côte d'Ivoire,IPV (Inactivated polio vaccine) 2nd dose,2023.0
CIV,Côte d'Ivoire,Measles-containing vaccine 2nd dose,2021.0
CIV,Côte d'Ivoire,Meningococcal meningitis vaccines (all strains),2018.0
CIV,Côte d'Ivoire,PCV (Pneumococcal conjugate vaccine),2014.0
CIV,Côte d'Ivoire,Rotavirus vaccine,2017.0
CIV,Côte d'Ivoire,Rubella vaccine,2018.0
CIV,Côte d'Ivoire,Seasonal Influenza vaccine,2018.0
CIV,Côte d'Ivoire,YF (Yellow fever) vaccine,1983.0
CMR,Cameroon,HPV (Human Papilloma Virus) vaccine,2020.0
CMR,Cameroon,Hepatitis B vaccine,2003.0
CMR,Cameroon,Hib (Haemophilus influenzae type B) vaccine,2009.0
CMR,Cameroon,IPV (Inactivated polio vaccine),2015.0
CMR,Cameroon,IPV (Inactivated polio vaccine) 2nd dose,2023.0
CMR,Cameroon,Measles-containing vaccine 2nd dose,2019.0
CMR,Cameroon,PCV (Pneumococcal conjugate vaccine),2011.0
CMR,Cameroon,Rotavirus vaccine,2014.0
CMR,Cameroon,Rubella vaccine,2015.0
CMR,Cameroon,YF (Yellow fever) vaccine,2004.0
COD,Democratic Republic of the Congo,Hepatitis B vaccine,2007.0
COD,Democratic Republic of the Congo,Hib (Haemophilus influenzae type B) vaccine,2009.0
COD,Democratic Republic of the Congo,IPV (Inactivated polio vaccine),2015.0
COD,Democratic Republic of the Congo,IPV (Inactivated polio vaccine) 2nd dose,2022.0
COD,Democratic Republic of the Congo,Measles-containing vaccine 2nd dose,2022.0
COD,Democratic Republic of the Congo,PCV (Pneumococcal conjugate vaccine),2011.0
COD,Democratic Republic of the Congo,Rotavirus vaccine,2019.0
COD,Democratic Republic of the Congo,YF (Yellow fever) vaccine,2003.0
COG,Congo,Hepatitis B vaccine,2007.0
COG,Congo,Hib (Haemophilus influenzae type B) vaccine,2009.0
COG,Congo,IPV (Inactivated polio vaccine),2016.0
COG,Congo,Measles-containing vaccine 2nd dose,2019.0
COG,Congo,PCV (Pneumococcal conjugate vaccine),2012.0
COG,Congo,Rotavirus vaccine,2014.0
COG,Congo,Rubella vaccine,2019.0
COG,Congo,YF (Yellow fever) vaccine,2004.0
COK,Cook Islands,HPV (Human Papilloma Virus) vaccine,2011.0
COK,Cook Islands,HepB birth dose,1998.0
COK,Cook Islands,Hepatitis B vaccine,1989.0
COK,Cook Islands,Hib (Haemophilus influenzae type B) vaccine,2009.0
COK,Cook Islands,IPV (Inactivated polio vaccine),2015.0
COK,Cook Islands,Measles-containing vaccine 2nd dose,1982.0
COK,Cook Islands,Mumps vaccine,2011.0
COK,Cook Islands,PCV (Pneumococcal conjugate vaccine),2022.0
COK,Cook Islands,Rotavirus vaccine,2022.0
COK,Cook Islands,Rubella vaccine,2006.0
COK,Cook Islands,Seasonal Influenza vaccine,2019.0
COK,Cook Islands,aP (acellular pertussis) vaccine,2017.0
COL,Colombia,HPV (Human Papilloma Virus) vaccine,2012.0
COL,Colombia,HepB birth dose,2000.0
COL,Colombia,Hepatitis A vaccine,2013.0
COL,Colombia,Hepatitis B vaccine,1994.0
COL,Colombia,Hib (Haemophilus influenzae type B) vaccine,1998.0
COL,Colombia,IPV (Inactivated polio vaccine),2015.0
COL,Colombia,IPV (Inactivated polio vaccine) 2nd dose,2018.0
COL,Colombia,Measles-containing vaccine 2nd dose,1997.0
COL,Colombia,Meningococcal meningitis vaccines (all strains),2016.0
COL,Colombia,Mumps vaccine,1995.0
COL,Colombia,PCV (Pneumococcal conjugate vaccine),2007.0
COL,Colombia,Rotavirus vaccine,2008.0
COL,Colombia,Rubella vaccine,1995.0
COL,Colombia,Seasonal Influenza vaccine,2007.0
COL,Colombia,Varicella vaccine,2015.0
COL,Colombia,YF (Yellow fever) vaccine,2002.0
COL,Colombia,aP (acellular pertussis) vaccine,2013.0
COM,Comoros,Hepatitis B vaccine,2003.0
COM,Comoros,Hib (Haemophilus influenzae type B) vaccine,2009.0
COM,Comoros,IPV (Inactivated polio vaccine),2015.0
COM,Comoros,Measles-containing vaccine 2nd dose,2021.0
COM,Comoros,Rubella vaccine,2022.0
CPV,Cabo Verde,HPV (Human Papilloma Virus) vaccine,2021.0
CPV,Cabo Verde,HepB birth dose,2002.0
CPV,Cabo Verde,Hepatitis B vaccine,2002.0
CPV,Cabo Verde,Hib (Haemophilus influenzae type B) vaccine,2010.0
CPV,Cabo Verde,IPV (Inactivated polio vaccine),2017.0
CPV,Cabo Verde,IPV (Inactivated polio vaccine) 2nd dose,2023.0
CPV,Cabo Verde,Measles-containing vaccine 2nd dose,2010.0
CPV,Cabo Verde,Mumps vaccine,2010.0
CPV,Cabo Verde,Rubella vaccine,2010.0
CPV,Cabo Verde,YF (Yellow fever) vaccine,2018.0
CRI,Costa Rica,HPV (Human Papilloma Virus) vaccine,2019.0
CRI,Costa Rica,HepB birth dose,2002.0
CRI,Costa Rica,Hepatitis B vaccine,2000.0
CRI,Costa Rica,Hib (Haemophilus influenzae type B) vaccine,1998.0
CRI,Costa Rica,IPV (Inactivated polio vaccine),2010.0
CRI,Costa Rica,IPV (Inactivated polio vaccine) 2nd dose,2010.0
CRI,Costa Rica,Measles-containing vaccine 2nd dose,1992.0
CRI,Costa Rica,Mumps vaccine,1987.0
CRI,Costa Rica,PCV (Pneumococcal conjugate vaccine),2007.0
CRI,Costa Rica,PPV (Pneumococcal polysaccharide vaccine),2007.0
CRI,Costa Rica,Rotavirus vaccine,2019.0
CRI,Costa Rica,Rubella vaccine,1972.0
CRI,Costa Rica,Seasonal Influenza vaccine,2004.0
CRI,Costa Rica,Varicella vaccine,2007.0
CRI,Costa Rica,aP (acellular pertussis) vaccine,2007.0
CUB,Cuba,HepB birth dose,1998.0
CUB,Cuba,Hepatitis B vaccine,1990.0
CUB,Cuba,Hib (Haemophilus influenzae type B) vaccine,1999.0
CUB,Cuba,IPV (Inactivated polio vaccine),2016.0
CUB,Cuba,IPV (Inactivated polio vaccine) 2nd dose,2018.0
CUB,Cuba,Measles-containing vaccine 2nd dose,2004.0
CUB,Cuba,Meningococcal meningitis vaccines (all strains),2006.0
CUB,Cuba,Mumps vaccine,1986.0
CUB,Cuba,Rubella vaccine,1986.0
CUB,Cuba,Seasonal Influenza vaccine,1998.0
CUB,Cuba,Typhoid,2002.0
CYP,Cyprus,HPV (Human Papilloma Virus) vaccine,2016.0
CYP,Cyprus,Hepatitis A vaccine,2003.0
CYP,Cyprus,Hepatitis B vaccine,1989.0
CYP,Cyprus,Hib (Haemophilus influenzae type B) vaccine,2001.0
CYP,Cyprus,IPV (Inactivated polio vaccine),2003.0
CYP,Cyprus,IPV (Inactivated polio vaccine) 2nd dose,2003.0
CYP,Cyprus,Measles-containing vaccine 2nd dose,1989.0
CYP,Cyprus,Meningococcal meningitis vaccines (all strains),2002.0
CYP,Cyprus,Mumps vaccine,1998.0
CYP,Cyprus,PCV (Pneumococcal conjugate vaccine),2004.0
CYP,Cyprus,PPV (Pneumococcal polysaccharide vaccine),2003.0
CYP,Cyprus,Rubella vaccine,1974.0
CYP,Cyprus,Seasonal Influenza vaccine,1989.0
CYP,Cyprus,Varicella vaccine,2006.0
CYP,Cyprus,aP (acellular pertussis) vaccine,2002.0
CZE,Czechia,HPV (Human Papilloma Virus) vaccine,2012.0
CZE,Czechia,HepB birth dose,2014.0
CZE,Czechia,Hepatitis B vaccine,2001.0
CZE,Czechia,Hib (Haemophilus influenzae type B) vaccine,2001.0
CZE,Czechia,IPV (Inactivated polio vaccine),2007.0
CZE,Czechia,IPV (Inactivated polio vaccine) 2nd dose,2007.0
CZE,Czechia,Measles-containing vaccine 2nd dose,1993.0
CZE,Czechia,Mumps vaccine,1993.0
CZE,Czechia,Rubella vaccine,1993.0
CZE,Czechia,Seasonal Influenza vaccine,2010.0
CZE,Czechia,aP (acellular pertussis) vaccine,2007.0
DEU,Germany,HPV (Human Papilloma Virus) vaccine,2007.0
DEU,Germany,HepB birth dose,2021.0
DEU,Germany,Hepatitis B vaccine,1995.0
DEU,Germany,Hib (Haemophilus influenzae type B) vaccine,1990.0
DEU,Germany,IPV (Inactivated polio vaccine),1962.0
DEU,Germany,IPV (Inactivated polio vaccine) 2nd dose,2002.0
DEU,Germany,Measles-containing vaccine 2nd dose,1986.0
DEU,Germany,Meningococcal meningitis vaccines (all strains),2003.0
DEU,Germany,Mumps vaccine,1995.0
DEU,Germany,PCV (Pneumococcal conjugate vaccine),2006.0
DEU,Germany,PPV (Pneumococcal polysaccharide vaccine),2003.0
DEU,Germany,Rotavirus vaccine,2013.0
DEU,Germany,Rubella vaccine,1974.0
DEU,Germany,Seasonal Influenza vaccine,1988.0
DEU,Germany,Varicella vaccine,2003.0
DEU,Germany,aP (acellular pertussis) vaccine,2006.0
DJI,Djibouti,HepB birth dose,2011.0
DJI,Djibouti,Hepatitis B vaccine,2007.0
DJI,Djibouti,Hib (Haemophilus influenzae type B) vaccine,2007.0
DJI,Djibouti,IPV (Inactivated polio vaccine),2016.0
DJI,Djibouti,Measles-containing vaccine 2nd dose,2011.0
DJI,Djibouti,PCV (Pneumococcal conjugate vaccine),2012.0
DJI,Djibouti,Rotavirus vaccine,2014.0
DMA,Dominica,HPV (Human Papilloma Virus) vaccine,2019.0
DMA,Dominica,HepB birth dose,2011.0
DMA,Dominica,Hepatitis B vaccine,2006.0
DMA,Dominica,Hib (Haemophilus influenzae type B) vaccine,2006.0
DMA,Dominica,IPV (Inactivated polio vaccine),2015.0
DMA,Dominica,IPV (Inactivated polio vaccine) 2nd dose,2021.0
DMA,Dominica,Measles-containing vaccine 2nd dose,2001.0
DMA,Dominica,Mumps vaccine,1989.0
DMA,Dominica,Rubella vaccine,1989.0
DMA,Dominica,Seasonal Influenza vaccine,2011.0
DNK,Denmark,HPV (Human Papilloma Virus) vaccine,2007.0
DNK,Denmark,HepB birth dose,2009.0
DNK,Denmark,Hepatitis B vaccine,2009.0
DNK,Denmark,Hib (Haemophilus influenzae type B) vaccine,1993.0
DNK,Denmark,IPV (Inactivated polio vaccine),1955.0
DNK,Denmark,IPV (Inactivated polio vaccine) 2nd dose,1995.0
DNK,Denmark,Measles-containing vaccine 2nd dose,1987.0
DNK,Denmark,Mumps vaccine,1995.0
DNK,Denmark,PCV (Pneumococcal conjugate vaccine),2007.0
DNK,Denmark,PPV (Pneumococcal polysaccharide vaccine),2018.0
DNK,Denmark,Rubella vaccine,1987.0
DNK,Denmark,Seasonal Influenza vaccine,2007.0
DNK,Denmark,aP (acellular pertussis) vaccine,2006.0
DOM,Dominican Republic,HPV (Human Papilloma Virus) vaccine,2017.0
DOM,Dominican Republic,HepB birth dose,1997.0
DOM,Dominican Republic,Hepatitis B vaccine,1994.0
DOM,Dominican Republic,Hib (Haemophilus influenzae type B) vaccine,2001.0
DOM,Dominican Republic,IPV (Inactivated polio vaccine),2015.0
DOM,Dominican Republic,IPV (Inactivated polio vaccine) 2nd dose,2022.0
DOM,Dominican Republic,Measles-containing vaccine 2nd dose,2018.0
DOM,Dominican Republic,Meningococcal meningitis vaccines (all strains),2022.0
DOM,Dominican Republic,Mumps vaccine,2003.0
DOM,Dominican Republic,PCV (Pneumococcal conjugate vaccine),2009.0
DOM,Dominican Republic,PPV (Pneumococcal polysaccharide vaccine),2007.0
DOM,Dominican Republic,Rotavirus vaccine,2012.0
DOM,Dominican Republic,Rubella vaccine,2004.0
DOM,Dominican Republic,Seasonal Influenza vaccine,2006.0
DOM,Dominican Republic,aP (acellular pertussis) vaccine,2019.0
DZA,Algeria,HepB birth dose,2001.0
DZA,Algeria,Hepatitis B vaccine,2001.0
DZA,Algeria,Hib (Haemophilus influenzae type B) vaccine,2008.0
DZA,Algeria,IPV (Inactivated polio vaccine),2015.0
DZA,Algeria,IPV (Inactivated polio vaccine) 2nd dose,2023.0
DZA,Algeria,Measles-containing vaccine 2nd dose,1997.0
DZA,Algeria,Mumps vaccine,2017.0
DZA,Algeria,PCV (Pneumococcal conjugate vaccine),2016.0
DZA,Algeria,Rubella vaccine,2014.0
DZA,Algeria,Seasonal Influenza vaccine,2009.0
DZA,Algeria,aP (acellular pertussis) vaccine,2023.0
ECU,Ecuador,HPV (Human Papilloma Virus) vaccine,2014.0
ECU,Ecuador,HepB birth dose,2012.0
ECU,Ecuador,Hepatitis B vaccine,1999.0
ECU,Ecuador,Hib (Haemophilus influenzae type B) vaccine,2001.0
ECU,Ecuador,IPV (Inactivated polio vaccine),2015.0
ECU,Ecuador,Measles-containing vaccine 2nd dose,2009.0
ECU,Ecuador,Mumps vaccine,1997.0
ECU,Ecuador,PCV (Pneumococcal conjugate vaccine),2009.0
ECU,Ecuador,PPV (Pneumococcal polysaccharide vaccine),2008.0
ECU,Ecuador,Rotavirus vaccine,2007.0
ECU,Ecuador,Rubella vaccine,1997.0
ECU,Ecuador,Seasonal Influenza vaccine,2006.0
ECU,Ecuador,Varicella vaccine,2009.0
ECU,Ecuador,YF (Yellow fever) vaccine,2001.0
EGY,Egypt,HepB birth dose,2015.0
EGY,Egypt,Hepatitis B vaccine,1992.0
EGY,Egypt,Hib (Haemophilus influenzae type B) vaccine,2014.0
EGY,Egypt,IPV (Inactivated polio vaccine),2018.0
EGY,Egypt,IPV (Inactivated polio vaccine) 2nd dose,2021.0
EGY,Egypt,Measles-containing vaccine 2nd dose,1999.0
EGY,Egypt,Meningococcal meningitis vaccines (all strains),2006.0
EGY,Egypt,Mumps vaccine,1999.0
EGY,Egypt,Rubella vaccine,1999.0
EGY,Egypt,Seasonal Influenza vaccine,1999.0
ERI,Eritrea,HPV (Human Papilloma Virus) vaccine,2022.0
ERI,Eritrea,Hepatitis B vaccine,2002.0
ERI,Eritrea,Hib (Haemophilus influenzae type B) vaccine,2008.0
ERI,Eritrea,IPV (Inactivated polio vaccine),2018.0
ERI,Eritrea,IPV (Inactivated polio vaccine) 2nd dose,2021.0
ERI,Eritrea,Measles-containing vaccine 2nd dose,2012.0
ERI,Eritrea,Meningococcal meningitis vaccines (all strains),2019.0
ERI,Eritrea,PCV (Pneumococcal conjugate vaccine),2015.0
ERI,Eritrea,Rotavirus vaccine,2014.0
ERI,Eritrea,Rubella vaccine,2018.0
ESP,Spain,HPV (Human Papilloma Virus) vaccine,2007.0
ESP,Spain,HepB birth dose,2003.0
ESP,Spain,Hepatitis A vaccine,2013.0
ESP,Spain,Hepatitis B vaccine,1991.0
ESP,Spain,Hib (Haemophilus influenzae type B) vaccine,1998.0
ESP,Spain,IPV (Inactivated polio vaccine),1963.0
ESP,Spain,IPV (Inactivated polio vaccine) 2nd dose,2005.0
ESP,Spain,Measles-containing vaccine 2nd dose,1988.0
ESP,Spain,Meningococcal meningitis vaccines (all strains),2002.0
ESP,Spain,Mumps vaccine,1995.0
ESP,Spain,PCV (Pneumococcal conjugate vaccine),2013.0
ESP,Spain,PPV (Pneumococcal polysaccharide vaccine),2001.0
ESP,Spain,Rotavirus vaccine,2021.0
ESP,Spain,Rubella vaccine,1978.0
ESP,Spain,Seasonal Influenza vaccine,1992.0
ESP,Spain,Varicella vaccine,2016.0
ESP,Spain,aP (acellular pertussis) vaccine,2006.0
EST,Estonia,HPV (Human Papilloma Virus) vaccine,2018.0
EST,Estonia,HepB birth dose,2003.0
EST,Estonia,Hepatitis B vaccine,1999.0
EST,Estonia,Hib (Haemophilus influenzae type B) vaccine,2002.0
EST,Estonia,IPV (Inactivated polio vaccine),2008.0
EST,Estonia,IPV (Inactivated polio vaccine) 2nd dose,2008.0
EST,Estonia,Measles-containing vaccine 2nd dose,1994.0
EST,Estonia,Mumps vaccine,1995.0
EST,Estonia,Rotavirus vaccine,2014.0
EST,Estonia,Rubella vaccine,1993.0
EST,Estonia,Seasonal Influenza vaccine,2007.0
EST,Estonia,aP (acellular pertussis) vaccine,2008.0
ETH,Ethiopia,HPV (Human Papilloma Virus) vaccine,2018.0
ETH,Ethiopia,Hepatitis B vaccine,2007.0
ETH,Ethiopia,Hib (Haemophilus influenzae type B) vaccine,2007.0
ETH,Ethiopia,IPV (Inactivated polio vaccine),2015.0
ETH,Ethiopia,IPV (Inactivated polio vaccine) 2nd dose,2023.0
ETH,Ethiopia,Measles-containing vaccine 2nd dose,2019.0
ETH,Ethiopia,PCV (Pneumococcal conjugate vaccine),2011.0
ETH,Ethiopia,Rotavirus vaccine,2013.0
FIN,Finland,HPV (Human Papilloma Virus) vaccine,2013.0
FIN,Finland,Hepatitis A vaccine,2005.0
FIN,Finland,Hepatitis B vaccine,1993.0
FIN,Finland,Hib (Haemophilus influenzae type B) vaccine,1986.0
FIN,Finland,IPV (Inactivated polio vaccine),1957.0
FIN,Finland,IPV (Inactivated polio vaccine) 2nd dose,2002.0
FIN,Finland,Measles-containing vaccine 2nd dose,1982.0
FIN,Finland,Mumps vaccine,1995.0
FIN,Finland,PCV (Pneumococcal conjugate vaccine),2009.0
FIN,Finland,PPV (Pneumococcal polysaccharide vaccine),2009.0
FIN,Finland,Rotavirus vaccine,2009.0
FIN,Finland,Rubella vaccine,1975.0
FIN,Finland,Seasonal Influenza vaccine,2008.0
FIN,Finland,Varicella vaccine,2017.0
FIN,Finland,aP (acellular pertussis) vaccine,2006.0
FJI,Fiji,HPV (Human Papilloma Virus) vaccine,2013.0
FJI,Fiji,HepB birth dose,1998.0
FJI,Fiji,Hepatitis B vaccine,1989.0
FJI,Fiji,Hib (Haemophilus influenzae type B) vaccine,1997.0
FJI,Fiji,IPV (Inactivated polio vaccine),2015.0
FJI,Fiji,Measles-containing vaccine 2nd dose,2003.0
FJI,Fiji,PCV (Pneumococcal conjugate vaccine),2012.0
FJI,Fiji,Rotavirus vaccine,2012.0
FJI,Fiji,Rubella vaccine,2003.0
FJI,Fiji,Seasonal Influenza vaccine,2020.0
FRA,France,HPV (Human Papilloma Virus) vaccine,2006.0
FRA,France,HepB birth dose,2014.0
FRA,France,Hepatitis A vaccine,2017.0
FRA,France,Hepatitis B vaccine,1994.0
FRA,France,Hib (Haemophilus influenzae type B) vaccine,1992.0
FRA,France,IPV (Inactivated polio vaccine),1964.0
FRA,France,IPV (Inactivated polio vaccine) 2nd dose,1995.0
FRA,France,Measles-containing vaccine 2nd dose,1996.0
FRA,France,Meningococcal meningitis vaccines (all strains),2010.0
FRA,France,Mumps vaccine,1995.0
FRA,France,PCV (Pneumococcal conjugate vaccine),2003.0
FRA,France,PPV (Pneumococcal polysaccharide vaccine),2012.0
FRA,France,Rotavirus vaccine,2022.0
FRA,France,Rubella vaccine,1970.0
FRA,France,Seasonal Influenza vaccine,2007.0
FRA,France,Varicella vaccine,2013.0
FRA,France,aP (acellular pertussis) vaccine,2002.0
FSM,Micronesia (Federated States of),HPV (Human Papilloma Virus) vaccine,2010.0
FSM,Micronesia (Federated States of),HepB birth dose,1998.0
FSM,Micronesia (Federated States of),Hepatitis B vaccine,1989.0
FSM,Micronesia (Federated States of),Hib (Haemophilus influenzae type B) vaccine,1996.0
FSM,Micronesia (Federated States of),IPV (Inactivated polio vaccine),2013.0
FSM,Micronesia (Federated States of),IPV (Inactivated polio vaccine) 2nd dose,2003.0
FSM,Micronesia (Federated States of),Measles-containing vaccine 2nd dose,1995.0
FSM,Micronesia (Federated States of),Mumps vaccine,1998.0
FSM,Micronesia (Federated States of),PCV (Pneumococcal conjugate vaccine),2007.0
FSM,Micronesia (Federated States of),PPV (Pneumococcal polysaccharide vaccine),2015.0
FSM,Micronesia (Federated States of),Rotavirus vaccine,2008.0
FSM,Micronesia (Federated States of),Rubella vaccine,1987.0
FSM,Micronesia (Federated States of),Seasonal Influenza vaccine,2012.0
FSM,Micronesia (Federated States of),aP (acellular pertussis) vaccine,2002.0
GAB,Gabon,Hepatitis B vaccine,2004.0
GAB,Gabon,Hib (Haemophilus influenzae type B) vaccine,2010.0
GAB,Gabon,IPV (Inactivated polio vaccine),2015.0
GAB,Gabon,YF (Yellow fever) vaccine,2003.0
GBR,United Kingdom of Great Britain and Northern Ireland,HPV (Human Papilloma Virus) vaccine,2008.0
GBR,United Kingdom of Great Britain and Northern Ireland,HepB birth dose,2009.0
GBR,United Kingdom of Great Britain and Northern Ireland,Hepatitis A vaccine,2023.0
GBR,United Kingdom of Great Britain and Northern Ireland,Hepatitis B vaccine,2002.0
GBR,United Kingdom of Great Britain and Northern Ireland,Hib (Haemophilus influenzae type B) vaccine,1992.0
GBR,United Kingdom of Great Britain and Northern Ireland,IPV (Inactivated polio vaccine),2004.0
GBR,United Kingdom of Great Britain and Northern Ireland,IPV (Inactivated polio vaccine) 2nd dose,2004.0
GBR,United Kingdom of Great Britain and Northern Ireland,Measles-containing vaccine 2nd dose,1996.0
GBR,United Kingdom of Great Britain and Northern Ireland,Meningococcal meningitis vaccines (all strains),1999.0
GBR,United Kingdom of Great Britain and Northern Ireland,Mumps vaccine,1995.0
GBR,United Kingdom of Great Britain and Northern Ireland,PCV (Pneumococcal conjugate vaccine),2006.0
GBR,United Kingdom of Great Britain and Northern Ireland,PPV (Pneumococcal polysaccharide vaccine),2003.0
GBR,United Kingdom of Great Britain and Northern Ireland,Rotavirus vaccine,2013.0
GBR,United Kingdom of Great Britain and Northern Ireland,Rubella vaccine,1970.0
GBR,United Kingdom of Great Britain and Northern Ireland,Seasonal Influenza vaccine,2000.0
GBR,United Kingdom of Great Britain and Northern Ireland,Varicella vaccine,2010.0
GBR,United Kingdom of Great Britain and Northern Ireland,aP (acellular pertussis) vaccine,2002.0
GEO,Georgia,HPV (Human Papilloma Virus) vaccine,2019.0
GEO,Georgia,HepB birth dose,2003.0
GEO,Georgia,Hepatitis B vaccine,2000.0
GEO,Georgia,Hib (Haemophilus influenzae type B) vaccine,2010.0
GEO,Georgia,IPV (Inactivated polio vaccine),2015.0
GEO,Georgia,IPV (Inactivated polio vaccine) 2nd dose,2015.0
GEO,Georgia,Measles-containing vaccine 2nd dose,1991.0
GEO,Georgia,Mumps vaccine,2002.0
GEO,Georgia,PCV (Pneumococcal conjugate vaccine),2014.0
GEO,Georgia,Rotavirus vaccine,2013.0
GEO,Georgia,Rubella vaccine,2004.0
GEO,Georgia,Seasonal Influenza vaccine,2014.0
GEO,Georgia,aP (acellular pertussis) vaccine,2015.0
GHA,Ghana,Hepatitis B vaccine,2001.0
GHA,Ghana,Hib (Haemophilus influenzae type B) vaccine,2001.0
GHA,Ghana,IPV (Inactivated polio vaccine),2018.0
GHA,Ghana,Malaria vaccine,2019.0
GHA,Ghana,Measles-containing vaccine 2nd dose,2012.0
GHA,Ghana,Meningococcal meningitis vaccines (all strains),2016.0
GHA,Ghana,PCV (Pneumococcal conjugate vaccine),2012.0
GHA,Ghana,Rotavirus vaccine,2012.0
GHA,Ghana,Rubella vaccine,2013.0
GHA,Ghana,YF (Yellow fever) vaccine,1992.0
GIN,Guinea,Hepatitis B vaccine,2006.0
GIN,Guinea,Hib (Haemophilus influenzae type B) vaccine,2008.0
GIN,Guinea,IPV (Inactivated polio vaccine),2015.0
GIN,Guinea,Measles-containing vaccine 2nd dose,2022.0
GIN,Guinea,Meningococcal meningitis vaccines (all strains),2021.0
GIN,Guinea,YF (Yellow fever) vaccine,2002.0
GMB,Gambia,HPV (Human Papilloma Virus) vaccine,2019.0
GMB,Gambia,HepB birth dose,1999.0
GMB,Gambia,Hepatitis B vaccine,1990.0
GMB,Gambia,Hib (Haemophilus influenzae type B) vaccine,1994.0
GMB,Gambia,IPV (Inactivated polio vaccine),2015.0
GMB,Gambia,IPV (Inactivated polio vaccine) 2nd dose,2022.0
GMB,Gambia,Measles-containing vaccine 2nd dose,2012.0
GMB,Gambia,Meningococcal meningitis vaccines (all strains),2018.0
GMB,Gambia,PCV (Pneumococcal conjugate vaccine),2009.0
GMB,Gambia,Rotavirus vaccine,2013.0
GMB,Gambia,Rubella vaccine,2016.0
GMB,Gambia,YF (Yellow fever) vaccine,1979.0
GNB,Guinea-Bissau,Hepatitis B vaccine,2008.0
GNB,Guinea-Bissau,Hib (Haemophilus influenzae type B) vaccine,2008.0
GNB,Guinea-Bissau,IPV (Inactivated polio vaccine),2016.0
GNB,Guinea-Bissau,Measles-containing vaccine 2nd dose,2022.0
GNB,Guinea-Bissau,Meningococcal meningitis vaccines (all strains),2023.0
GNB,Guinea-Bissau,PCV (Pneumococcal conjugate vaccine),2015.0
GNB,Guinea-Bissau,Rotavirus vaccine,2012.0
GNB,Guinea-Bissau,YF (Yellow fever) vaccine,2008.0
GNQ,Equatorial Guinea,HepB birth dose,2018.0
GNQ,Equatorial Guinea,Hepatitis B vaccine,2013.0
GNQ,Equatorial Guinea,Hib (Haemophilus influenzae type B) vaccine,2013.0
GNQ,Equatorial Guinea,IPV (Inactivated polio vaccine),2016.0
GNQ,Equatorial Guinea,Measles-containing vaccine 2nd dose,2021.0
GNQ,Equatorial Guinea,YF (Yellow fever) vaccine,2017.0
GRC,Greece,HPV (Human Papilloma Virus) vaccine,2009.0
GRC,Greece,HepB birth dose,2022.0
GRC,Greece,Hepatitis A vaccine,2007.0
GRC,Greece,Hepatitis B vaccine,2000.0
GRC,Greece,Hib (Haemophilus influenzae type B) vaccine,2000.0
GRC,Greece,IPV (Inactivated polio vaccine),2003.0
GRC,Greece,IPV (Inactivated polio vaccine) 2nd dose,2003.0
GRC,Greece,Measles-containing vaccine 2nd dose,1995.0
GRC,Greece,Meningococcal meningitis vaccines (all strains),2014.0
GRC,Greece,Mumps vaccine,1995.0
GRC,Greece,PCV (Pneumococcal conjugate vaccine),2006.0
GRC,Greece,PPV (Pneumococcal polysaccharide vaccine),1999.0
GRC,Greece,Rotavirus vaccine,2011.0
GRC,Greece,Rubella vaccine,1995.0
GRC,Greece,Seasonal Influenza vaccine,2007.0
GRC,Greece,Varicella vaccine,2008.0
GRC,Greece,aP (acellular pertussis) vaccine,2002.0
GRD,Grenada,HPV (Human Papilloma Virus) vaccine,2019.0
GRD,Grenada,HepB birth dose,2017.0
GRD,Grenada,Hepatitis B vaccine,2000.0
GRD,Grenada,Hib (Haemophilus influenzae type B) vaccine,2000.0
GRD,Grenada,IPV (Inactivated polio vaccine),2015.0
GRD,Grenada,IPV (Inactivated polio vaccine) 2nd dose,2021.0
GRD,Grenada,Measles-containing vaccine 2nd dose,2000.0
GRD,Grenada,Mumps vaccine,1993.0
GRD,Grenada,Rubella vaccine,1993.0
GRD,Grenada,Seasonal Influenza vaccine,2006.0
GRD,Grenada,Varicella vaccine,2012.0
GTM,Guatemala,HPV (Human Papilloma Virus) vaccine,2018.0
GTM,Guatemala,HepB birth dose,2010.0
GTM,Guatemala,Hepatitis B vaccine,2005.0
GTM,Guatemala,Hib (Haemophilus influenzae type B) vaccine,2005.0
GTM,Guatemala,IPV (Inactivated polio vaccine),2016.0
GTM,Guatemala,IPV (Inactivated polio vaccine) 2nd dose,2020.0
GTM,Guatemala,Measles-containing vaccine 2nd dose,2016.0
GTM,Guatemala,Mumps vaccine,1995.0
GTM,Guatemala,PCV (Pneumococcal conjugate vaccine),2012.0
GTM,Guatemala,PPV (Pneumococcal polysaccharide vaccine),2022.0
GTM,Guatemala,Rotavirus vaccine,2010.0
GTM,Guatemala,Rubella vaccine,2001.0
GTM,Guatemala,Seasonal Influenza vaccine,2007.0
GTM,Guatemala,aP (acellular pertussis) vaccine,2020.0
GUY,Guyana,HPV (Human Papilloma Virus) vaccine,2011.0
GUY,Guyana,HepB birth dose,2019.0
GUY,Guyana,Hepatitis B vaccine,2001.0
GUY,Guyana,Hib (Haemophilus influenzae type B) vaccine,2001.0
GUY,Guyana,IPV (Inactivated polio vaccine),2015.0
GUY,Guyana,IPV (Inactivated polio vaccine) 2nd dose,2020.0
GUY,Guyana,Measles-containing vaccine 2nd dose,2001.0
GUY,Guyana,Meningococcal meningitis vaccines (all strains),2012.0
GUY,Guyana,Mumps vaccine,1995.0
GUY,Guyana,PCV (Pneumococcal conjugate vaccine),2007.0
GUY,Guyana,PPV (Pneumococcal polysaccharide vaccine),2013.0
GUY,Guyana,Rotavirus vaccine,2010.0
GUY,Guyana,Rubella vaccine,1995.0
GUY,Guyana,Varicella vaccine,2015.0
GUY,Guyana,YF (Yellow fever) vaccine,1980.0
HND,Honduras,HPV (Human Papilloma Virus) vaccine,2016.0
HND,Honduras,HepB birth dose,2008.0
HND,Honduras,Hepatitis A vaccine,2018.0
HND,Honduras,Hepatitis B vaccine,2000.0
HND,Honduras,Hib (Haemophilus influenzae type B) vaccine,1999.0
HND,Honduras,IPV (Inactivated polio vaccine),2015.0
HND,Honduras,IPV (Inactivated polio vaccine) 2nd dose,2018.0
HND,Honduras,Measles-containing vaccine 2nd dose,2018.0
HND,Honduras,Mumps vaccine,1997.0
HND,Honduras,PCV (Pneumococcal conjugate vaccine),2011.0
HND,Honduras,Rotavirus vaccine,2009.0
HND,Honduras,Rubella vaccine,1997.0
HND,Honduras,Seasonal Influenza vaccine,2003.0
HND,Honduras,YF (Yellow fever) vaccine,2013.0
HND,Honduras,aP (acellular pertussis) vaccine,2019.0
HRV,Croatia,HPV (Human Papilloma Virus) vaccine,2016.0
HRV,Croatia,Hepatitis B vaccine,1999.0
HRV,Croatia,Hib (Haemophilus influenzae type B) vaccine,2002.0
HRV,Croatia,IPV (Inactivated polio vaccine),1991.0
HRV,Croatia,IPV (Inactivated polio vaccine) 2nd dose,2008.0
HRV,Croatia,Measles-containing vaccine 2nd dose,1991.0
HRV,Croatia,Mumps vaccine,1995.0
HRV,Croatia,PCV (Pneumococcal conjugate vaccine),2019.0
HRV,Croatia,Rubella vaccine,1991.0
HRV,Croatia,Seasonal Influenza vaccine,2015.0
HRV,Croatia,aP (acellular pertussis) vaccine,2001.0
HTI,Haiti,Hepatitis B vaccine,2012.0
HTI,Haiti,Hib (Haemophilus influenzae type B) vaccine,2012.0
HTI,Haiti,IPV (Inactivated polio vaccine),2015.0
HTI,Haiti,Measles-containing vaccine 2nd dose,2016.0
HTI,Haiti,PCV (Pneumococcal conjugate vaccine),2018.0
HTI,Haiti,Rotavirus vaccine,2014.0
HTI,Haiti,Rubella vaccine,2008.0
HUN,Hungary,HPV (Human Papilloma Virus) vaccine,2014.0
HUN,Hungary,Hepatitis B vaccine,1999.0
HUN,Hungary,Hib (Haemophilus influenzae type B) vaccine,1999.0
HUN,Hungary,IPV (Inactivated polio vaccine),1959.0
HUN,Hungary,IPV (Inactivated polio vaccine) 2nd dose,2006.0
HUN,Hungary,Measles-containing vaccine 2nd dose,1989.0
HUN,Hungary,Mumps vaccine,1995.0
HUN,Hungary,PCV (Pneumococcal conjugate vaccine),2009.0
HUN,Hungary,Rubella vaccine,1989.0
HUN,Hungary,Seasonal Influenza vaccine,2007.0
HUN,Hungary,Varicella vaccine,2019.0
HUN,Hungary,aP (acellular pertussis) vaccine,2006.0
IDN,Indonesia,HPV (Human Papilloma Virus) vaccine,2016.0
IDN,Indonesia,HepB birth dose,2000.0
IDN,Indonesia,Hepatitis B vaccine,1992.0
IDN,Indonesia,Hib (Haemophilus influenzae type B) vaccine,2013.0
IDN,Indonesia,IPV (Inactivated polio vaccine),2008.0
IDN,Indonesia,IPV (Inactivated polio vaccine) 2nd dose,2022.0
IDN,Indonesia,Japanese Encephalitis,2018.0
IDN,Indonesia,Measles-containing vaccine 2nd dose,2004.0
IDN,Indonesia,PCV (Pneumococcal conjugate vaccine),2017.0
IDN,Indonesia,Rotavirus vaccine,2022.0
IDN,Indonesia,Rubella vaccine,2017.0
IND,India,HepB birth dose,2008.0
IND,India,Hepatitis B vaccine,2002.0
IND,India,Hib (Haemophilus influenzae type B) vaccine,2011.0
IND,India,IPV (Inactivated polio vaccine),2015.0
IND,India,IPV (Inactivated polio vaccine) 2nd dose,2023.0
IND,India,Japanese Encephalitis,2007.0
IND,India,Measles-containing vaccine 2nd dose,2010.0
IND,India,PCV (Pneumococcal conjugate vaccine),2017.0
IND,India,Rotavirus vaccine,2016.0
IND,India,Rubella vaccine,2017.0
IRL,Ireland,HPV (Human Papilloma Virus) vaccine,2010.0
IRL,Ireland,Hepatitis B vaccine,2008.0
IRL,Ireland,Hib (Haemophilus influenzae type B) vaccine,1992.0
IRL,Ireland,IPV (Inactivated polio vaccine),1957.0
IRL,Ireland,IPV (Inactivated polio vaccine) 2nd dose,2002.0
IRL,Ireland,Measles-containing vaccine 2nd dose,1992.0
IRL,Ireland,Meningococcal meningitis vaccines (all strains),2002.0
IRL,Ireland,Mumps vaccine,1995.0
IRL,Ireland,PCV (Pneumococcal conjugate vaccine),2005.0
IRL,Ireland,PPV (Pneumococcal polysaccharide vaccine),2005.0
IRL,Ireland,Rotavirus vaccine,2016.0
IRL,Ireland,Rubella vaccine,1971.0
IRL,Ireland,Seasonal Influenza vaccine,1998.0
IRL,Ireland,aP (acellular pertussis) vaccine,2002.0
IRN,Iran (Islamic Republic of),HepB birth dose,1998.0
IRN,Iran (Islamic Republic of),Hepatitis B vaccine,1993.0
IRN,Iran (Islamic Republic of),Hib (Haemophilus influenzae type B) vaccine,2014.0
IRN,Iran (Islamic Republic of),IPV (Inactivated polio vaccine),2015.0
IRN,Iran (Islamic Republic of),IPV (Inactivated polio vaccine) 2nd dose,2021.0
IRN,Iran (Islamic Republic of),Measles-containing vaccine 2nd dose,1963.0
IRN,Iran (Islamic Republic of),Meningococcal meningitis vaccines (all strains),2006.0
IRN,Iran (Islamic Republic of),Mumps vaccine,2004.0
IRN,Iran (Islamic Republic of),PCV (Pneumococcal conjugate vaccine),2019.0
IRN,Iran (Islamic Republic of),PPV (Pneumococcal polysaccharide vaccine),2021.0
IRN,Iran (Islamic Republic of),Rubella vaccine,2004.0
IRN,Iran (Islamic Republic of),Seasonal Influenza vaccine,2005.0
IRN,Iran (Islamic Republic of),Varicella vaccine,2011.0
IRQ,Iraq,HepB birth dose,2004.0
IRQ,Iraq,Hepatitis A vaccine,2003.0
IRQ,Iraq,Hepatitis B vaccine,1985.0
IRQ,Iraq,Hib (Haemophilus influenzae type B) vaccine,2012.0
IRQ,Iraq,IPV (Inactivated polio vaccine),2016.0
IRQ,Iraq,IPV (Inactivated polio vaccine) 2nd dose,2016.0
IRQ,Iraq,Measles-containing vaccine 2nd dose,1989.0
IRQ,Iraq,Meningococcal meningitis vaccines (all strains),2023.0
IRQ,Iraq,Mumps vaccine,1996.0
IRQ,Iraq,PCV (Pneumococcal conjugate vaccine),2017.0
IRQ,Iraq,PPV (Pneumococcal polysaccharide vaccine),2004.0
IRQ,Iraq,Rotavirus vaccine,2012.0
IRQ,Iraq,Rubella vaccine,1989.0
IRQ,Iraq,Seasonal Influenza vaccine,2009.0
IRQ,Iraq,aP (acellular pertussis) vaccine,2016.0
ISL,Iceland,HPV (Human Papilloma Virus) vaccine,2011.0
ISL,Iceland,Hepatitis B vaccine,2011.0
ISL,Iceland,Hib (Haemophilus influenzae type B) vaccine,1989.0
ISL,Iceland,IPV (Inactivated polio vaccine),1995.0
ISL,Iceland,IPV (Inactivated polio vaccine) 2nd dose,1995.0
ISL,Iceland,Measles-containing vaccine 2nd dose,1976.0
ISL,Iceland,Meningococcal meningitis vaccines (all strains),2003.0
ISL,Iceland,Mumps vaccine,1995.0
ISL,Iceland,PCV (Pneumococcal conjugate vaccine),2009.0
ISL,Iceland,PPV (Pneumococcal polysaccharide vaccine),2008.0
ISL,Iceland,Rubella vaccine,1979.0
ISL,Iceland,Seasonal Influenza vaccine,2008.0
ISL,Iceland,Varicella vaccine,2011.0
ISL,Iceland,YF (Yellow fever) vaccine,2013.0
ISL,Iceland,aP (acellular pertussis) vaccine,2006.0
ISR,Israel,HPV (Human Papilloma Virus) vaccine,2010.0
ISR,Israel,HepB birth dose,1998.0
ISR,Israel,Hepatitis A vaccine,2002.0
ISR,Israel,Hepatitis B vaccine,1998.0
ISR,Israel,Hib (Haemophilus influenzae type B) vaccine,1994.0
ISR,Israel,IPV (Inactivated polio vaccine),1998.0
ISR,Israel,IPV (Inactivated polio vaccine) 2nd dose,1995.0
ISR,Israel,Measles-containing vaccine 2nd dose,1995.0
ISR,Israel,Meningococcal meningitis vaccines (all strains),2005.0
ISR,Israel,Mumps vaccine,1995.0
ISR,Israel,PCV (Pneumococcal conjugate vaccine),2006.0
ISR,Israel,PPV (Pneumococcal polysaccharide vaccine),2004.0
ISR,Israel,Rotavirus vaccine,2010.0
ISR,Israel,Rubella vaccine,1995.0
ISR,Israel,Seasonal Influenza vaccine,2008.0
ISR,Israel,Varicella vaccine,2009.0
ISR,Israel,aP (acellular pertussis) vaccine,2003.0
ITA,Italy,HPV (Human Papilloma Virus) vaccine,2009.0
ITA,Italy,HepB birth dose,2014.0
ITA,Italy,Hepatitis A vaccine,2009.0
ITA,Italy,Hepatitis B vaccine,1982.0
ITA,Italy,Hib (Haemophilus influenzae type B) vaccine,1995.0
ITA,Italy,IPV (Inactivated polio vaccine),1958.0
ITA,Italy,IPV (Inactivated polio vaccine) 2nd dose,2002.0
ITA,Italy,Measles-containing vaccine 2nd dose,1998.0
ITA,Italy,Meningococcal meningitis vaccines (all strains),2005.0
ITA,Italy,Mumps vaccine,1995.0
ITA,Italy,PCV (Pneumococcal conjugate vaccine),2003.0
ITA,Italy,PPV (Pneumococcal polysaccharide vaccine),2003.0
ITA,Italy,Rotavirus vaccine,2016.0
ITA,Italy,Rubella vaccine,1972.0
ITA,Italy,Seasonal Influenza vaccine,2008.0
ITA,Italy,Varicella vaccine,2005.0
ITA,Italy,aP (acellular pertussis) vaccine,2006.0
JAM,Jamaica,HPV (Human Papilloma Virus) vaccine,2017.0
JAM,Jamaica,HepB birth dose,2023.0
JAM,Jamaica,Hepatitis B vaccine,2001.0
JAM,Jamaica,Hib (Haemophilus influenzae type B) vaccine,2003.0
JAM,Jamaica,IPV (Inactivated polio vaccine),2015.0
JAM,Jamaica,IPV (Inactivated polio vaccine) 2nd dose,2021.0
JAM,Jamaica,Measles-containing vaccine 2nd dose,2002.0
JAM,Jamaica,Mumps vaccine,1993.0
JAM,Jamaica,PCV (Pneumococcal conjugate vaccine),2010.0
JAM,Jamaica,PPV (Pneumococcal polysaccharide vaccine),2020.0
JAM,Jamaica,Rubella vaccine,1993.0
JAM,Jamaica,Seasonal Influenza vaccine,2006.0
JOR,Jordan,Hepatitis B vaccine,1985.0
JOR,Jordan,Hib (Haemophilus influenzae type B) vaccine,2001.0
JOR,Jordan,IPV (Inactivated polio vaccine),2005.0
JOR,Jordan,IPV (Inactivated polio vaccine) 2nd dose,2006.0
JOR,Jordan,Measles-containing vaccine 2nd dose,1995.0
JOR,Jordan,Mumps vaccine,2002.0
JOR,Jordan,Rotavirus vaccine,2015.0
JOR,Jordan,Rubella vaccine,2000.0
JOR,Jordan,Seasonal Influenza vaccine,2003.0
JOR,Jordan,aP (acellular pertussis) vaccine,2010.0
JPN,Japan,HPV (Human Papilloma Virus) vaccine,2011.0
JPN,Japan,HepB birth dose,2017.0
JPN,Japan,Hepatitis B vaccine,2009.0
JPN,Japan,Hib (Haemophilus influenzae type B) vaccine,2011.0
JPN,Japan,IPV (Inactivated polio vaccine),2012.0
JPN,Japan,IPV (Inactivated polio vaccine) 2nd dose,2012.0
JPN,Japan,Japanese Encephalitis,2002.0
JPN,Japan,Measles-containing vaccine 2nd dose,2006.0
JPN,Japan,PCV (Pneumococcal conjugate vaccine),2011.0
JPN,Japan,PPV (Pneumococcal polysaccharide vaccine),2015.0
JPN,Japan,Rotavirus vaccine,2020.0
JPN,Japan,Rubella vaccine,1995.0
JPN,Japan,Seasonal Influenza vaccine,2001.0
JPN,Japan,Varicella vaccine,2016.0
JPN,Japan,aP (acellular pertussis) vaccine,2002.0
KAZ,Kazakhstan,HepB birth dose,1998.0
KAZ,Kazakhstan,Hepatitis A vaccine,2006.0
KAZ,Kazakhstan,Hepatitis B vaccine,1998.0
KAZ,Kazakhstan,Hib (Haemophilus influenzae type B) vaccine,2008.0
KAZ,Kazakhstan,IPV (Inactivated polio vaccine),2013.0
KAZ,Kazakhstan,IPV (Inactivated polio vaccine) 2nd dose,2013.0
KAZ,Kazakhstan,Measles-containing vaccine 2nd dose,1995.0
KAZ,Kazakhstan,Mumps vaccine,1995.0
KAZ,Kazakhstan,PCV (Pneumococcal conjugate vaccine),2010.0
KAZ,Kazakhstan,Rubella vaccine,2004.0
KAZ,Kazakhstan,Seasonal Influenza vaccine,2008.0
KAZ,Kazakhstan,aP (acellular pertussis) vaccine,2013.0
KEN,Kenya,HPV (Human Papilloma Virus) vaccine,2019.0
KEN,Kenya,Hepatitis B vaccine,2001.0
KEN,Kenya,Hib (Haemophilus influenzae type B) vaccine,2001.0
KEN,Kenya,IPV (Inactivated polio vaccine),2015.0
KEN,Kenya,Malaria vaccine,2019.0
KEN,Kenya,Measles-containing vaccine 2nd dose,2013.0
KEN,Kenya,PCV (Pneumococcal conjugate vaccine),2011.0
KEN,Kenya,Rotavirus vaccine,2014.0
KEN,Kenya,Rubella vaccine,2017.0
KGZ,Kyrgyzstan,HPV (Human Papilloma Virus) vaccine,2022.0
KGZ,Kyrgyzstan,HepB birth dose,1998.0
KGZ,Kyrgyzstan,Hepatitis B vaccine,1999.0
KGZ,Kyrgyzstan,Hib (Haemophilus influenzae type B) vaccine,2009.0
KGZ,Kyrgyzstan,IPV (Inactivated polio vaccine),2018.0
KGZ,Kyrgyzstan,IPV (Inactivated polio vaccine) 2nd dose,2022.0
KGZ,Kyrgyzstan,Measles-containing vaccine 2nd dose,1991.0
KGZ,Kyrgyzstan,Mumps vaccine,1995.0
KGZ,Kyrgyzstan,PCV (Pneumococcal conjugate vaccine),2016.0
KGZ,Kyrgyzstan,Rotavirus vaccine,2019.0
KGZ,Kyrgyzstan,Rubella vaccine,2001.0
KGZ,Kyrgyzstan,Seasonal Influenza vaccine,2018.0
KHM,Cambodia,HPV (Human Papilloma Virus) vaccine,2023.0
KHM,Cambodia,HepB birth dose,2003.0
KHM,Cambodia,Hepatitis B vaccine,2001.0
KHM,Cambodia,Hib (Haemophilus influenzae type B) vaccine,2010.0
KHM,Cambodia,IPV (Inactivated polio vaccine),2015.0
KHM,Cambodia,Japanese Encephalitis,2009.0
KHM,Cambodia,Measles-containing vaccine 2nd dose,2012.0
KHM,Cambodia,PCV (Pneumococcal conjugate vaccine),2015.0
KHM,Cambodia,Rubella vaccine,2013.0
KIR,Kiribati,HPV (Human Papilloma Virus) vaccine,2023.0
KIR,Kiribati,HepB birth dose,1998.0
KIR,Kiribati,Hepatitis B vaccine,1990.0
KIR,Kiribati,Hib (Haemophilus influenzae type B) vaccine,2008.0
KIR,Kiribati,IPV (Inactivated polio vaccine),2015.0
KIR,Kiribati,Measles-containing vaccine 2nd dose,2007.0
KIR,Kiribati,PCV (Pneumococcal conjugate vaccine),2013.0
KIR,Kiribati,Rotavirus vaccine,2015.0
KIR,Kiribati,Rubella vaccine,2004.0
KNA,Saint Kitts and Nevis,HPV (Human Papilloma Virus) vaccine,2019.0
KNA,Saint Kitts and Nevis,HepB birth dose,2015.0
KNA,Saint Kitts and Nevis,Hepatitis B vaccine,1997.0
KNA,Saint Kitts and Nevis,Hib (Haemophilus influenzae type B) vaccine,2000.0
KNA,Saint Kitts and Nevis,IPV (Inactivated polio vaccine),2015.0
KNA,Saint Kitts and Nevis,IPV (Inactivated polio vaccine) 2nd dose,2023.0
KNA,Saint Kitts and Nevis,Measles-containing vaccine 2nd dose,1997.0
KNA,Saint Kitts and Nevis,Mumps vaccine,1987.0
KNA,Saint Kitts and Nevis,Rubella vaccine,1987.0
KNA,Saint Kitts and Nevis,Seasonal Influenza vaccine,2019.0
KOR,Republic of Korea,HPV (Human Papilloma Virus) vaccine,2016.0
KOR,Republic of Korea,HepB birth dose,2001.0
KOR,Republic of Korea,Hepatitis A vaccine,2017.0
KOR,Republic of Korea,Hepatitis B vaccine,1983.0
KOR,Republic of Korea,Hib (Haemophilus influenzae type B) vaccine,2013.0
KOR,Republic of Korea,IPV (Inactivated polio vaccine),2004.0
KOR,Republic of Korea,IPV (Inactivated polio vaccine) 2nd dose,2004.0
KOR,Republic of Korea,Japanese Encephalitis,2002.0
KOR,Republic of Korea,Measles-containing vaccine 2nd dose,1997.0
KOR,Republic of Korea,Mumps vaccine,1998.0
KOR,Republic of Korea,PCV (Pneumococcal conjugate vaccine),2014.0
KOR,Republic of Korea,PPV (Pneumococcal polysaccharide vaccine),2013.0
KOR,Republic of Korea,Rubella vaccine,1979.0
KOR,Republic of Korea,Seasonal Influenza vaccine,1997.0
KOR,Republic of Korea,Varicella vaccine,2005.0
KOR,Republic of Korea,aP (acellular pertussis) vaccine,2002.0
KWT,Kuwait,HPV (Human Papilloma Virus) vaccine,2023.0
KWT,Kuwait,HepB birth dose,1998.0
KWT,Kuwait,Hepatitis A vaccine,2016.0
KWT,Kuwait,Hepatitis B vaccine,1990.0
KWT,Kuwait,Hib (Haemophilus influenzae type B) vaccine,1998.0
KWT,Kuwait,IPV (Inactivated polio vaccine),2010.0
KWT,Kuwait,IPV (Inactivated polio vaccine) 2nd dose,2019.0
KWT,Kuwait,Measles-containing vaccine 2nd dose,1996.0
KWT,Kuwait,Meningococcal meningitis vaccines (all strains),2004.0
KWT,Kuwait,Mumps vaccine,1996.0
KWT,Kuwait,PCV (Pneumococcal conjugate vaccine),2006.0
KWT,Kuwait,PPV (Pneumococcal polysaccharide vaccine),2004.0
KWT,Kuwait,Rotavirus vaccine,2017.0
KWT,Kuwait,Rubella vaccine,1987.0
KWT,Kuwait,Seasonal Influenza vaccine,2008.0
KWT,Kuwait,Varicella vaccine,2012.0
LAO,Lao People's Democratic Republic,HPV (Human Papilloma Virus) vaccine,2020.0
LAO,Lao People's Democratic Republic,HepB birth dose,2004.0
LAO,Lao People's Democratic Republic,Hepatitis B vaccine,2001.0
LAO,Lao People's Democratic Republic,Hib (Haemophilus influenzae type B) vaccine,2009.0
LAO,Lao People's Democratic Republic,IPV (Inactivated polio vaccine),2015.0
LAO,Lao People's Democratic Republic,Japanese Encephalitis,2013.0
LAO,Lao People's Democratic Republic,Measles-containing vaccine 2nd dose,2017.0
LAO,Lao People's Democratic Republic,PCV (Pneumococcal conjugate vaccine),2013.0
LAO,Lao People's Democratic Republic,Rubella vaccine,2012.0
LAO,Lao People's Democratic Republic,Seasonal Influenza vaccine,2014.0
LBN,Lebanon,HepB birth dose,2000.0
LBN,Lebanon,Hepatitis B vaccine,1998.0
LBN,Lebanon,Hib (Haemophilus influenzae type B) vaccine,2003.0
LBN,Lebanon,IPV (Inactivated polio vaccine),2012.0
LBN,Lebanon,IPV (Inactivated polio vaccine) 2nd dose,2023.0
LBN,Lebanon,Measles-containing vaccine 2nd dose,1995.0
LBN,Lebanon,Mumps vaccine,1996.0
LBN,Lebanon,PCV (Pneumococcal conjugate vaccine),2015.0
LBN,Lebanon,Rotavirus vaccine,2023.0
LBN,Lebanon,Rubella vaccine,1995.0
LBN,Lebanon,Seasonal Influenza vaccine,2023.0
LBR,Liberia,HPV (Human Papilloma Virus) vaccine,2019.0
LBR,Liberia,Hepatitis B vaccine,2008.0
LBR,Liberia,Hib (Haemophilus influenzae type B) vaccine,2008.0
LBR,Liberia,IPV (Inactivated polio vaccine),2017.0
LBR,Liberia,Measles-containing vaccine 2nd dose,2019.0
LBR,Liberia,PCV (Pneumococcal conjugate vaccine),2014.0
LBR,Liberia,Rotavirus vaccine,2016.0
LBR,Liberia,Typhoid,2022.0
LBR,Liberia,YF (Yellow fever) vaccine,2000.0
LBY,Libya,HPV (Human Papilloma Virus) vaccine,2013.0
LBY,Libya,HepB birth dose,1998.0
LBY,Libya,Hepatitis B vaccine,2000.0
LBY,Libya,Hib (Haemophilus influenzae type B) vaccine,2007.0
LBY,Libya,IPV (Inactivated polio vaccine),2014.0
LBY,Libya,IPV (Inactivated polio vaccine) 2nd dose,2014.0
LBY,Libya,Measles-containing vaccine 2nd dose,1995.0
LBY,Libya,Meningococcal meningitis vaccines (all strains),2004.0
LBY,Libya,Mumps vaccine,1996.0
LBY,Libya,PCV (Pneumococcal conjugate vaccine),2013.0
LBY,Libya,PPV (Pneumococcal polysaccharide vaccine),2012.0
LBY,Libya,Rotavirus vaccine,2013.0
LBY,Libya,Rubella vaccine,1993.0
LBY,Libya,Seasonal Influenza vaccine,2007.0
LBY,Libya,aP (acellular pertussis) vaccine,2013.0
LCA,Saint Lucia,HPV (Human Papilloma Virus) vaccine,2019.0
LCA,Saint Lucia,HepB birth dose,2017.0
LCA,Saint Lucia,Hepatitis B vaccine,2002.0
LCA,Saint Lucia,Hib (Haemophilus influenzae type B) vaccine,2002.0
LCA,Saint Lucia,IPV (Inactivated polio vaccine),2015.0
LCA,Saint Lucia,IPV (Inactivated polio vaccine) 2nd dose,2023.0
LCA,Saint Lucia,Measles-containing vaccine 2nd dose,1991.0
LCA,Saint Lucia,Mumps vaccine,1986.0
LCA,Saint Lucia,PCV (Pneumococcal conjugate vaccine),2016.0
LCA,Saint Lucia,PPV (Pneumococcal polysaccharide vaccine),2018.0
LCA,Saint Lucia,Rubella vaccine,1986.0
LCA,Saint Lucia,Seasonal Influenza vaccine,2006.0
LCA,Saint Lucia,Varicella vaccine,2009.0
LKA,Sri Lanka,HPV (Human Papilloma Virus) vaccine,2017.0
LKA,Sri Lanka,Hepatitis B vaccine,2003.0
LKA,Sri Lanka,Hib (Haemophilus influenzae type B) vaccine,2008.0
LKA,Sri Lanka,IPV (Inactivated polio vaccine),2015.0
LKA,Sri Lanka,Japanese Encephalitis,2001.0
LKA,Sri Lanka,Measles-containing vaccine 2nd dose,2001.0
LKA,Sri Lanka,Mumps vaccine,2011.0
LKA,Sri Lanka,Rubella vaccine,1995.0
LSO,Lesotho,HPV (Human Papilloma Virus) vaccine,2022.0
LSO,Lesotho,Hepatitis B vaccine,2003.0
LSO,Lesotho,Hib (Haemophilus influenzae type B) vaccine,2008.0
LSO,Lesotho,IPV (Inactivated polio vaccine),2016.0
LSO,Lesotho,Measles-containing vaccine 2nd dose,1981.0
LSO,Lesotho,PCV (Pneumococcal conjugate vaccine),2015.0
LSO,Lesotho,Rotavirus vaccine,2017.0
LSO,Lesotho,Rubella vaccine,2017.0
LTU,Lithuania,HPV (Human Papilloma Virus) vaccine,2016.0
LTU,Lithuania,HepB birth dose,1998.0
LTU,Lithuania,Hepatitis B vaccine,1998.0
LTU,Lithuania,Hib (Haemophilus influenzae type B) vaccine,2004.0
LTU,Lithuania,IPV (Inactivated polio vaccine),1995.0
LTU,Lithuania,IPV (Inactivated polio vaccine) 2nd dose,1995.0
LTU,Lithuania,Measles-containing vaccine 2nd dose,1992.0
LTU,Lithuania,Meningococcal meningitis vaccines (all strains),2018.0
LTU,Lithuania,Mumps vaccine,1991.0
LTU,Lithuania,PCV (Pneumococcal conjugate vaccine),2014.0
LTU,Lithuania,Rotavirus vaccine,2018.0
LTU,Lithuania,Rubella vaccine,1992.0
LTU,Lithuania,Seasonal Influenza vaccine,2008.0
LTU,Lithuania,aP (acellular pertussis) vaccine,2007.0
LUX,Luxembourg,HPV (Human Papilloma Virus) vaccine,2008.0
LUX,Luxembourg,HepB birth dose,2014.0
LUX,Luxembourg,Hepatitis B vaccine,2003.0
LUX,Luxembourg,Hib (Haemophilus influenzae type B) vaccine,1994.0
LUX,Luxembourg,IPV (Inactivated polio vaccine),2003.0
LUX,Luxembourg,IPV (Inactivated polio vaccine) 2nd dose,2003.0
LUX,Luxembourg,Measles-containing vaccine 2nd dose,1994.0
LUX,Luxembourg,Meningococcal meningitis vaccines (all strains),2005.0
LUX,Luxembourg,Mumps vaccine,1986.0
LUX,Luxembourg,PCV (Pneumococcal conjugate vaccine),2005.0
LUX,Luxembourg,PPV (Pneumococcal polysaccharide vaccine),2009.0
LUX,Luxembourg,Rotavirus vaccine,2006.0
LUX,Luxembourg,Rubella vaccine,1986.0
LUX,Luxembourg,Seasonal Influenza vaccine,2008.0
LUX,Luxembourg,Varicella vaccine,2010.0
LUX,Luxembourg,aP (acellular pertussis) vaccine,2006.0
LVA,Latvia,HPV (Human Papilloma Virus) vaccine,2010.0
LVA,Latvia,HepB birth dose,1998.0
LVA,Latvia,Hepatitis B vaccine,1997.0
LVA,Latvia,Hib (Haemophilus influenzae type B) vaccine,1994.0
LVA,Latvia,IPV (Inactivated polio vaccine),1993.0
LVA,Latvia,IPV (Inactivated polio vaccine) 2nd dose,2002.0
LVA,Latvia,Measles-containing vaccine 2nd dose,1991.0
LVA,Latvia,Mumps vaccine,1991.0
LVA,Latvia,PCV (Pneumococcal conjugate vaccine),2006.0
LVA,Latvia,PPV (Pneumococcal polysaccharide vaccine),2008.0
LVA,Latvia,Rotavirus vaccine,2015.0
LVA,Latvia,Rubella vaccine,1993.0
LVA,Latvia,Seasonal Influenza vaccine,2007.0
LVA,Latvia,Varicella vaccine,2008.0
LVA,Latvia,aP (acellular pertussis) vaccine,2002.0
MAR,Morocco,HepB birth dose,1999.0
MAR,Morocco,Hepatitis B vaccine,1999.0
MAR,Morocco,Hib (Haemophilus influenzae type B) vaccine,2007.0
MAR,Morocco,IPV (Inactivated polio vaccine),2015.0
MAR,Morocco,Measles-containing vaccine 2nd dose,2014.0
MAR,Morocco,PCV (Pneumococcal conjugate vaccine),2010.0
MAR,Morocco,Rotavirus vaccine,2010.0
MAR,Morocco,Rubella vaccine,2003.0
MAR,Morocco,Seasonal Influenza vaccine,2014.0
MCO,Monaco,HPV (Human Papilloma Virus) vaccine,2006.0
MCO,Monaco,HepB birth dose,2020.0
MCO,Monaco,Hepatitis A vaccine,2003.0
MCO,Monaco,Hepatitis B vaccine,1994.0
MCO,Monaco,Hib (Haemophilus influenzae type B) vaccine,1992.0
MCO,Monaco,IPV (Inactivated polio vaccine),1964.0
MCO,Monaco,IPV (Inactivated polio vaccine) 2nd dose,2002.0
MCO,Monaco,Measles-containing vaccine 2nd dose,1996.0
MCO,Monaco,Meningococcal meningitis vaccines (all strains),2010.0
MCO,Monaco,Mumps vaccine,2002.0
MCO,Monaco,PCV (Pneumococcal conjugate vaccine),2003.0
MCO,Monaco,PPV (Pneumococcal polysaccharide vaccine),2003.0
MCO,Monaco,Rubella vaccine,1970.0
MCO,Monaco,Seasonal Influenza vaccine,2007.0
MCO,Monaco,aP (acellular pertussis) vaccine,2006.0
MDA,Republic of Moldova,HPV (Human Papilloma Virus) vaccine,2017.0
MDA,Republic of Moldova,HepB birth dose,1998.0
MDA,Republic of Moldova,Hepatitis A vaccine,2014.0
MDA,Republic of Moldova,Hepatitis B vaccine,1995.0
MDA,Republic of Moldova,Hib (Haemophilus influenzae type B) vaccine,2009.0
MDA,Republic of Moldova,IPV (Inactivated polio vaccine),2018.0
MDA,Republic of Moldova,IPV (Inactivated polio vaccine) 2nd dose,2022.0
MDA,Republic of Moldova,Measles-containing vaccine 2nd dose,2002.0
MDA,Republic of Moldova,Mumps vaccine,1995.0
MDA,Republic of Moldova,PCV (Pneumococcal conjugate vaccine),2013.0
MDA,Republic of Moldova,Rotavirus vaccine,2012.0
MDA,Republic of Moldova,Rubella vaccine,2002.0
MDA,Republic of Moldova,Seasonal Influenza vaccine,2009.0
MDG,Madagascar,Hepatitis B vaccine,2002.0
MDG,Madagascar,Hib (Haemophilus influenzae type B) vaccine,2008.0
MDG,Madagascar,IPV (Inactivated polio vaccine),2015.0
MDG,Madagascar,IPV (Inactivated polio vaccine) 2nd dose,2021.0
MDG,Madagascar,Measles-containing vaccine 2nd dose,2020.0
MDG,Madagascar,PCV (Pneumococcal conjugate vaccine),2012.0
MDG,Madagascar,Rotavirus vaccine,2014.0
MDV,Maldives,HPV (Human Papilloma Virus) vaccine,2019.0
MDV,Maldives,HepB birth dose,1998.0
MDV,Maldives,Hepatitis B vaccine,1995.0
MDV,Maldives,Hib (Haemophilus influenzae type B) vaccine,2012.0
MDV,Maldives,IPV (Inactivated polio vaccine),2015.0
MDV,Maldives,Measles-containing vaccine 2nd dose,2007.0
MDV,Maldives,Meningococcal meningitis vaccines (all strains),2004.0
MDV,Maldives,Mumps vaccine,2007.0
MDV,Maldives,Rubella vaccine,2007.0
MDV,Maldives,Seasonal Influenza vaccine,2008.0
MEX,Mexico,HPV (Human Papilloma Virus) vaccine,2008.0
MEX,Mexico,HepB birth dose,2005.0
MEX,Mexico,Hepatitis A vaccine,2012.0
MEX,Mexico,Hepatitis B vaccine,1998.0
MEX,Mexico,Hib (Haemophilus influenzae type B) vaccine,1998.0
MEX,Mexico,IPV (Inactivated polio vaccine),2008.0
MEX,Mexico,IPV (Inactivated polio vaccine) 2nd dose,2008.0
MEX,Mexico,Measles-containing vaccine 2nd dose,1993.0
MEX,Mexico,Mumps vaccine,1998.0
MEX,Mexico,PCV (Pneumococcal conjugate vaccine),2006.0
MEX,Mexico,PPV (Pneumococcal polysaccharide vaccine),2012.0
MEX,Mexico,Rotavirus vaccine,2006.0
MEX,Mexico,Rubella vaccine,1998.0
MEX,Mexico,Seasonal Influenza vaccine,2004.0
MEX,Mexico,Varicella vaccine,2005.0
MEX,Mexico,aP (acellular pertussis) vaccine,2012.0
MHL,Marshall Islands,HPV (Human Papilloma Virus) vaccine,2009.0
MHL,Marshall Islands,HepB birth dose,1998.0
MHL,Marshall Islands,Hepatitis B vaccine,1983.0
MHL,Marshall Islands,Hib (Haemophilus influenzae type B) vaccine,1998.0
MHL,Marshall Islands,IPV (Inactivated polio vaccine),2010.0
MHL,Marshall Islands,IPV (Inactivated polio vaccine) 2nd dose,2010.0
MHL,Marshall Islands,Measles-containing vaccine 2nd dose,1998.0
MHL,Marshall Islands,Meningococcal meningitis vaccines (all strains),2010.0
MHL,Marshall Islands,Mumps vaccine,1998.0
MHL,Marshall Islands,PCV (Pneumococcal conjugate vaccine),2009.0
MHL,Marshall Islands,Rotavirus vaccine,2009.0
MHL,Marshall Islands,Rubella vaccine,1998.0
MHL,Marshall Islands,Seasonal Influenza vaccine,2002.0
MHL,Marshall Islands,Varicella vaccine,2018.0
MHL,Marshall Islands,aP (acellular pertussis) vaccine,2002.0
MKD,North Macedonia,HPV (Human Papilloma Virus) vaccine,2009.0
MKD,North Macedonia,HepB birth dose,2004.0
MKD,North Macedonia,Hepatitis B vaccine,2004.0
MKD,North Macedonia,Hib (Haemophilus influenzae type B) vaccine,2008.0
MKD,North Macedonia,IPV (Inactivated polio vaccine),2015.0
MKD,North Macedonia,IPV (Inactivated polio vaccine) 2nd dose,2015.0
MKD,North Macedonia,Measles-containing vaccine 2nd dose,1993.0
MKD,North Macedonia,Mumps vaccine,1995.0
MKD,North Macedonia,PCV (Pneumococcal conjugate vaccine),2019.0
MKD,North Macedonia,Rotavirus vaccine,2019.0
MKD,North Macedonia,Rubella vaccine,1993.0
MKD,North Macedonia,Seasonal Influenza vaccine,2015.0
MKD,North Macedonia,aP (acellular pertussis) vaccine,2015.0
MLI,Mali,Hepatitis B vaccine,2001.0
MLI,Mali,Hib (Haemophilus influenzae type B) vaccine,2005.0
MLI,Mali,IPV (Inactivated polio vaccine),2016.0
MLI,Mali,IPV (Inactivated polio vaccine) 2nd dose,2021.0
MLI,Mali,Measles-containing vaccine 2nd dose,2019.0
MLI,Mali,Meningococcal meningitis vaccines (all strains),2017.0
MLI,Mali,PCV (Pneumococcal conjugate vaccine),2011.0
MLI,Mali,Rotavirus vaccine,2014.0
MLI,Mali,YF (Yellow fever) vaccine,1998.0
MLT,Malta,HPV (Human Papilloma Virus) vaccine,2013.0
MLT,Malta,HepB birth dose,2019.0
MLT,Malta,Hepatitis A vaccine,2010.0
MLT,Malta,Hepatitis B vaccine,2005.0
MLT,Malta,Hib (Haemophilus influenzae type B) vaccine,1996.0
MLT,Malta,IPV (Inactivated polio vaccine),2010.0
MLT,Malta,IPV (Inactivated polio vaccine) 2nd dose,2010.0
MLT,Malta,Measles-containing vaccine 2nd dose,1989.0
MLT,Malta,Meningococcal meningitis vaccines (all strains),2020.0
MLT,Malta,Mumps vaccine,1990.0
MLT,Malta,PCV (Pneumococcal conjugate vaccine),2020.0
MLT,Malta,Rubella vaccine,1985.0
MLT,Malta,Seasonal Influenza vaccine,2008.0
MLT,Malta,Varicella vaccine,2010.0
MLT,Malta,aP (acellular pertussis) vaccine,2010.0
MMR,Myanmar,HPV (Human Papilloma Virus) vaccine,2020.0
MMR,Myanmar,HepB birth dose,2004.0
MMR,Myanmar,Hepatitis B vaccine,2003.0
MMR,Myanmar,Hib (Haemophilus influenzae type B) vaccine,2012.0
MMR,Myanmar,IPV (Inactivated polio vaccine),2015.0
MMR,Myanmar,Japanese Encephalitis,2018.0
MMR,Myanmar,Measles-containing vaccine 2nd dose,2008.0
MMR,Myanmar,PCV (Pneumococcal conjugate vaccine),2016.0
MMR,Myanmar,Rotavirus vaccine,2020.0
MMR,Myanmar,Rubella vaccine,2015.0
MMR,Myanmar,Seasonal Influenza vaccine,2021.0
MNE,Montenegro,HPV (Human Papilloma Virus) vaccine,2022.0
MNE,Montenegro,HepB birth dose,2018.0
MNE,Montenegro,Hepatitis B vaccine,2006.0
MNE,Montenegro,Hib (Haemophilus influenzae type B) vaccine,2006.0
MNE,Montenegro,IPV (Inactivated polio vaccine),2011.0
MNE,Montenegro,IPV (Inactivated polio vaccine) 2nd dose,2011.0
MNE,Montenegro,Measles-containing vaccine 2nd dose,2006.0
MNE,Montenegro,Mumps vaccine,2006.0
MNE,Montenegro,Rubella vaccine,2006.0
MNE,Montenegro,Seasonal Influenza vaccine,2008.0
MNE,Montenegro,aP (acellular pertussis) vaccine,2011.0
MNG,Mongolia,HepB birth dose,2002.0
MNG,Mongolia,Hepatitis A vaccine,2012.0
MNG,Mongolia,Hepatitis B vaccine,1987.0
MNG,Mongolia,Hib (Haemophilus influenzae type B) vaccine,2005.0
MNG,Mongolia,IPV (Inactivated polio vaccine),2019.0
MNG,Mongolia,Measles-containing vaccine 2nd dose,1987.0
MNG,Mongolia,Meningococcal meningitis vaccines (all strains),2019.0
MNG,Mongolia,Mumps vaccine,2009.0
MNG,Mongolia,PCV (Pneumococcal conjugate vaccine),2016.0
MNG,Mongolia,Rubella vaccine,2009.0
MNG,Mongolia,Seasonal Influenza vaccine,2014.0
MOZ,Mozambique,HPV (Human Papilloma Virus) vaccine,2021.0
MOZ,Mozambique,Hepatitis B vaccine,2001.0
MOZ,Mozambique,Hib (Haemophilus influenzae type B) vaccine,2009.0
MOZ,Mozambique,IPV (Inactivated polio vaccine),2015.0
MOZ,Mozambique,IPV (Inactivated polio vaccine) 2nd dose,2023.0
MOZ,Mozambique,Measles-containing vaccine 2nd dose,2015.0
MOZ,Mozambique,PCV (Pneumococcal conjugate vaccine),2013.0
MOZ,Mozambique,Rotavirus vaccine,2015.0
MOZ,Mozambique,Rubella vaccine,2018.0
MRT,Mauritania,HPV (Human Papilloma Virus) vaccine,2021.0
MRT,Mauritania,HepB birth dose,2013.0
MRT,Mauritania,Hepatitis B vaccine,2005.0
MRT,Mauritania,Hib (Haemophilus influenzae type B) vaccine,2009.0
MRT,Mauritania,IPV (Inactivated polio vaccine),2015.0
MRT,Mauritania,Measles-containing vaccine 2nd dose,2023.0
MRT,Mauritania,PCV (Pneumococcal conjugate vaccine),2013.0
MRT,Mauritania,Rotavirus vaccine,2014.0
MRT,Mauritania,Rubella vaccine,2018.0
MUS,Mauritius,HPV (Human Papilloma Virus) vaccine,2017.0
MUS,Mauritius,Hepatitis A vaccine,2017.0
MUS,Mauritius,Hepatitis B vaccine,1996.0
MUS,Mauritius,Hib (Haemophilus influenzae type B) vaccine,2006.0
MUS,Mauritius,IPV (Inactivated polio vaccine),2015.0
MUS,Mauritius,IPV (Inactivated polio vaccine) 2nd dose,2017.0
MUS,Mauritius,Measles-containing vaccine 2nd dose,2003.0
MUS,Mauritius,Meningococcal meningitis vaccines (all strains),2008.0
MUS,Mauritius,Mumps vaccine,2000.0
MUS,Mauritius,PCV (Pneumococcal conjugate vaccine),2016.0
MUS,Mauritius,Rotavirus vaccine,2015.0
MUS,Mauritius,Rubella vaccine,1996.0
MUS,Mauritius,Seasonal Influenza vaccine,2008.0
MUS,Mauritius,aP (acellular pertussis) vaccine,2002.0
MWI,Malawi,HPV (Human Papilloma Virus) vaccine,2019.0
MWI,Malawi,Hepatitis B vaccine,2002.0
MWI,Malawi,Hib (Haemophilus influenzae type B) vaccine,2002.0
MWI,Malawi,IPV (Inactivated polio vaccine),2018.0
MWI,Malawi,Malaria vaccine,2019.0
MWI,Malawi,Measles-containing vaccine 2nd dose,2015.0
MWI,Malawi,PCV (Pneumococcal conjugate vaccine),2011.0
MWI,Malawi,Rotavirus vaccine,2012.0
MWI,Malawi,Rubella vaccine,2017.0
MYS,Malaysia,HPV (Human Papilloma Virus) vaccine,2009.0
MYS,Malaysia,HepB birth dose,1998.0
MYS,Malaysia,Hepatitis B vaccine,1989.0
MYS,Malaysia,Hib (Haemophilus influenzae type B) vaccine,2002.0
MYS,Malaysia,IPV (Inactivated polio vaccine),2009.0
MYS,Malaysia,IPV (Inactivated polio vaccine) 2nd dose,2009.0
MYS,Malaysia,Japanese Encephalitis,2002.0
MYS,Malaysia,Measles-containing vaccine 2nd dose,2002.0
MYS,Malaysia,Meningococcal meningitis vaccines (all strains),2004.0
MYS,Malaysia,Mumps vaccine,2002.0
MYS,Malaysia,PCV (Pneumococcal conjugate vaccine),2020.0
MYS,Malaysia,Rubella vaccine,1997.0
MYS,Malaysia,Seasonal Influenza vaccine,2006.0
MYS,Malaysia,aP (acellular pertussis) vaccine,2009.0
NAM,Namibia,HepB birth dose,2014.0
NAM,Namibia,Hepatitis B vaccine,2009.0
NAM,Namibia,Hib (Haemophilus influenzae type B) vaccine,2009.0
NAM,Namibia,IPV (Inactivated polio vaccine),2015.0
NAM,Namibia,IPV (Inactivated polio vaccine) 2nd dose,2023.0
NAM,Namibia,Measles-containing vaccine 2nd dose,2017.0
NAM,Namibia,PCV (Pneumococcal conjugate vaccine),2014.0
NAM,Namibia,Rotavirus vaccine,2014.0
NAM,Namibia,Rubella vaccine,2016.0
NAM,Namibia,Seasonal Influenza vaccine,2020.0
NER,Niger,Hepatitis B vaccine,2008.0
NER,Niger,Hib (Haemophilus influenzae type B) vaccine,2008.0
NER,Niger,IPV (Inactivated polio vaccine),2015.0
NER,Niger,IPV (Inactivated polio vaccine) 2nd dose,2022.0
NER,Niger,Measles-containing vaccine 2nd dose,2014.0
NER,Niger,Meningococcal meningitis vaccines (all strains),2017.0
NER,Niger,PCV (Pneumococcal conjugate vaccine),2014.0
NER,Niger,Rotavirus vaccine,2014.0
NER,Niger,YF (Yellow fever) vaccine,2000.0
NGA,Nigeria,HPV (Human Papilloma Virus) vaccine,2023.0
NGA,Nigeria,HepB birth dose,2004.0
NGA,Nigeria,Hepatitis B vaccine,2004.0
NGA,Nigeria,Hib (Haemophilus influenzae type B) vaccine,2012.0
NGA,Nigeria,IPV (Inactivated polio vaccine),2015.0
NGA,Nigeria,IPV (Inactivated polio vaccine) 2nd dose,2021.0
NGA,Nigeria,Measles-containing vaccine 2nd dose,2019.0
NGA,Nigeria,Meningococcal meningitis vaccines (all strains),2019.0
NGA,Nigeria,PCV (Pneumococcal conjugate vaccine),2015.0
NGA,Nigeria,Rotavirus vaccine,2022.0
NGA,Nigeria,YF (Yellow fever) vaccine,2004.0
NIC,Nicaragua,HPV (Human Papilloma Virus) vaccine,2023.0
NIC,Nicaragua,Hepatitis B vaccine,1999.0
NIC,Nicaragua,Hib (Haemophilus influenzae type B) vaccine,1999.0
NIC,Nicaragua,IPV (Inactivated polio vaccine),2015.0
NIC,Nicaragua,IPV (Inactivated polio vaccine) 2nd dose,2022.0
NIC,Nicaragua,Measles-containing vaccine 2nd dose,2017.0
NIC,Nicaragua,Mumps vaccine,1998.0
NIC,Nicaragua,PCV (Pneumococcal conjugate vaccine),2010.0
NIC,Nicaragua,PPV (Pneumococcal polysaccharide vaccine),2010.0
NIC,Nicaragua,Rotavirus vaccine,2006.0
NIC,Nicaragua,Rubella vaccine,1980.0
NIC,Nicaragua,Seasonal Influenza vaccine,2007.0
NIU,Niue,HPV (Human Papilloma Virus) vaccine,2019.0
NIU,Niue,HepB birth dose,1998.0
NIU,Niue,Hepatitis B vaccine,1986.0
NIU,Niue,Hib (Haemophilus influenzae type B) vaccine,1998.0
NIU,Niue,IPV (Inactivated polio vaccine),2002.0
NIU,Niue,IPV (Inactivated polio vaccine) 2nd dose,2003.0
NIU,Niue,Measles-containing vaccine 2nd dose,1975.0
NIU,Niue,Mumps vaccine,1998.0
NIU,Niue,PCV (Pneumococcal conjugate vaccine),2009.0
NIU,Niue,Rotavirus vaccine,2016.0
NIU,Niue,Rubella vaccine,1980.0
NIU,Niue,Seasonal Influenza vaccine,2013.0
NIU,Niue,Varicella vaccine,2017.0
NIU,Niue,aP (acellular pertussis) vaccine,2002.0
NLD,Netherlands (Kingdom of the),HPV (Human Papilloma Virus) vaccine,2010.0
NLD,Netherlands (Kingdom of the),HepB birth dose,2010.0
NLD,Netherlands (Kingdom of the),Hepatitis A vaccine,2021.0
NLD,Netherlands (Kingdom of the),Hepatitis B vaccine,2002.0
NLD,Netherlands (Kingdom of the),Hib (Haemophilus influenzae type B) vaccine,1993.0
NLD,Netherlands (Kingdom of the),IPV (Inactivated polio vaccine),1957.0
NLD,Netherlands (Kingdom of the),IPV (Inactivated polio vaccine) 2nd dose,1995.0
NLD,Netherlands (Kingdom of the),Measles-containing vaccine 2nd dose,1987.0
NLD,Netherlands (Kingdom of the),Meningococcal meningitis vaccines (all strains),2002.0
NLD,Netherlands (Kingdom of the),Mumps vaccine,1995.0
NLD,Netherlands (Kingdom of the),PCV (Pneumococcal conjugate vaccine),2006.0
NLD,Netherlands (Kingdom of the),PPV (Pneumococcal polysaccharide vaccine),2021.0
NLD,Netherlands (Kingdom of the),Rubella vaccine,1974.0
NLD,Netherlands (Kingdom of the),Seasonal Influenza vaccine,2007.0
NLD,Netherlands (Kingdom of the),aP (acellular pertussis) vaccine,2006.0
NOR,Norway,HPV (Human Papilloma Virus) vaccine,2009.0
NOR,Norway,HepB birth dose,2010.0
NOR,Norway,Hepatitis B vaccine,2002.0
NOR,Norway,Hib (Haemophilus influenzae type B) vaccine,1992.0
NOR,Norway,IPV (Inactivated polio vaccine),1956.0
NOR,Norway,IPV (Inactivated polio vaccine) 2nd dose,1995.0
NOR,Norway,Measles-containing vaccine 2nd dose,1983.0
NOR,Norway,Mumps vaccine,1995.0
NOR,Norway,PCV (Pneumococcal conjugate vaccine),2006.0
NOR,Norway,Rotavirus vaccine,2014.0
NOR,Norway,Rubella vaccine,1978.0
NOR,Norway,Seasonal Influenza vaccine,2010.0
NOR,Norway,aP (acellular pertussis) vaccine,2006.0
NPL,Nepal,Hepatitis B vaccine,2002.0
NPL,Nepal,Hib (Haemophilus influenzae type B) vaccine,2009.0
NPL,Nepal,IPV (Inactivated polio vaccine),2014.0
NPL,Nepal,IPV (Inactivated polio vaccine) 2nd dose,2023.0
NPL,Nepal,Japanese Encephalitis,2007.0
NPL,Nepal,Measles-containing vaccine 2nd dose,2015.0
NPL,Nepal,PCV (Pneumococcal conjugate vaccine),2015.0
NPL,Nepal,Rotavirus vaccine,2020.0
NPL,Nepal,Rubella vaccine,2013.0
NPL,Nepal,Typhoid,2022.0
NRU,Nauru,HPV (Human Papilloma Virus) vaccine,2021.0
NRU,Nauru,HepB birth dose,1998.0
NRU,Nauru,Hepatitis B vaccine,1998.0
NRU,Nauru,Hib (Haemophilus influenzae type B) vaccine,2009.0
NRU,Nauru,IPV (Inactivated polio vaccine),2015.0
NRU,Nauru,Measles-containing vaccine 2nd dose,2005.0
NRU,Nauru,PCV (Pneumococcal conjugate vaccine),2021.0
NRU,Nauru,Rotavirus vaccine,2021.0
NRU,Nauru,Rubella vaccine,2006.0
NRU,Nauru,aP (acellular pertussis) vaccine,2016.0
NZL,New Zealand,HPV (Human Papilloma Virus) vaccine,2008.0
NZL,New Zealand,HepB birth dose,2014.0
NZL,New Zealand,Hepatitis A vaccine,2013.0
NZL,New Zealand,Hepatitis B vaccine,1985.0
NZL,New Zealand,Hib (Haemophilus influenzae type B) vaccine,1994.0
NZL,New Zealand,IPV (Inactivated polio vaccine),2002.0
NZL,New Zealand,IPV (Inactivated polio vaccine) 2nd dose,2002.0
NZL,New Zealand,Measles-containing vaccine 2nd dose,1992.0
NZL,New Zealand,Meningococcal meningitis vaccines (all strains),2010.0
NZL,New Zealand,Mumps vaccine,1995.0
NZL,New Zealand,PCV (Pneumococcal conjugate vaccine),2008.0
NZL,New Zealand,PPV (Pneumococcal polysaccharide vaccine),2010.0
NZL,New Zealand,Rotavirus vaccine,2014.0
NZL,New Zealand,Rubella vaccine,1970.0
NZL,New Zealand,Seasonal Influenza vaccine,1997.0
NZL,New Zealand,Varicella vaccine,2014.0
NZL,New Zealand,aP (acellular pertussis) vaccine,2002.0
OMN,Oman,HepB birth dose,1998.0
OMN,Oman,Hepatitis A vaccine,2023.0
OMN,Oman,Hepatitis B vaccine,1990.0
OMN,Oman,Hib (Haemophilus influenzae type B) vaccine,2001.0
OMN,Oman,IPV (Inactivated polio vaccine),2010.0
OMN,Oman,IPV (Inactivated polio vaccine) 2nd dose,2016.0
OMN,Oman,Measles-containing vaccine 2nd dose,1994.0
OMN,Oman,Meningococcal meningitis vaccines (all strains),2005.0
OMN,Oman,Mumps vaccine,1998.0
OMN,Oman,PCV (Pneumococcal conjugate vaccine),2008.0
OMN,Oman,Rubella vaccine,1994.0
OMN,Oman,Seasonal Influenza vaccine,2004.0
OMN,Oman,Varicella vaccine,2010.0
OMN,Oman,aP (acellular pertussis) vaccine,2014.0
PAK,Pakistan,HepB birth dose,2015.0
PAK,Pakistan,Hepatitis B vaccine,2001.0
PAK,Pakistan,Hib (Haemophilus influenzae type B) vaccine,2008.0
PAK,Pakistan,IPV (Inactivated polio vaccine),2015.0
PAK,Pakistan,IPV (Inactivated polio vaccine) 2nd dose,2021.0
PAK,Pakistan,Measles-containing vaccine 2nd dose,2009.0
PAK,Pakistan,PCV (Pneumococcal conjugate vaccine),2012.0
PAK,Pakistan,Rotavirus vaccine,2016.0
PAK,Pakistan,Rubella vaccine,2022.0
PAK,Pakistan,Typhoid,2021.0
PAN,Panama,HPV (Human Papilloma Virus) vaccine,2008.0
PAN,Panama,HepB birth dose,2003.0
PAN,Panama,Hepatitis A vaccine,2006.0
PAN,Panama,Hepatitis B vaccine,1999.0
PAN,Panama,Hib (Haemophilus influenzae type B) vaccine,2000.0
PAN,Panama,IPV (Inactivated polio vaccine),2014.0
PAN,Panama,IPV (Inactivated polio vaccine) 2nd dose,2014.0
PAN,Panama,Measles-containing vaccine 2nd dose,1992.0
PAN,Panama,Meningococcal meningitis vaccines (all strains),2015.0
PAN,Panama,Mumps vaccine,1992.0
PAN,Panama,PCV (Pneumococcal conjugate vaccine),2008.0
PAN,Panama,PPV (Pneumococcal polysaccharide vaccine),2009.0
PAN,Panama,Rotavirus vaccine,2006.0
PAN,Panama,Rubella vaccine,1984.0
PAN,Panama,Seasonal Influenza vaccine,2005.0
PAN,Panama,Varicella vaccine,2011.0
PAN,Panama,aP (acellular pertussis) vaccine,2014.0
PER,Peru,HPV (Human Papilloma Virus) vaccine,2015.0
PER,Peru,HepB birth dose,2000.0
PER,Peru,Hepatitis A vaccine,2023.0
PER,Peru,Hepatitis B vaccine,1998.0
PER,Peru,Hib (Haemophilus influenzae type B) vaccine,1999.0
PER,Peru,IPV (Inactivated polio vaccine),2013.0
PER,Peru,IPV (Inactivated polio vaccine) 2nd dose,2013.0
PER,Peru,Measles-containing vaccine 2nd dose,2007.0
PER,Peru,Mumps vaccine,2003.0
PER,Peru,PCV (Pneumococcal conjugate vaccine),2007.0
PER,Peru,PPV (Pneumococcal polysaccharide vaccine),2018.0
PER,Peru,Rotavirus vaccine,2007.0
PER,Peru,Rubella vaccine,2003.0
PER,Peru,Seasonal Influenza vaccine,2008.0
PER,Peru,Varicella vaccine,2018.0
PER,Peru,YF (Yellow fever) vaccine,2002.0
PER,Peru,aP (acellular pertussis) vaccine,2018.0
PHL,Philippines,HPV (Human Papilloma Virus) vaccine,2016.0
PHL,Philippines,HepB birth dose,2006.0
PHL,Philippines,Hepatitis B vaccine,1992.0
PHL,Philippines,Hib (Haemophilus influenzae type B) vaccine,2010.0
PHL,Philippines,IPV (Inactivated polio vaccine),2015.0
PHL,Philippines,IPV (Inactivated polio vaccine) 2nd dose,2023.0
PHL,Philippines,Measles-containing vaccine 2nd dose,2009.0
PHL,Philippines,Mumps vaccine,2009.0
PHL,Philippines,PCV (Pneumococcal conjugate vaccine),2013.0
PHL,Philippines,PPV (Pneumococcal polysaccharide vaccine),2015.0
PHL,Philippines,Rotavirus vaccine,2012.0
PHL,Philippines,Rubella vaccine,2010.0
PHL,Philippines,Seasonal Influenza vaccine,2014.0
PLW,Palau,HPV (Human Papilloma Virus) vaccine,2008.0
PLW,Palau,HepB birth dose,2009.0
PLW,Palau,Hepatitis B vaccine,1988.0
PLW,Palau,Hib (Haemophilus influenzae type B) vaccine,1998.0
PLW,Palau,IPV (Inactivated polio vaccine),2002.0
PLW,Palau,IPV (Inactivated polio vaccine) 2nd dose,2002.0
PLW,Palau,Measles-containing vaccine 2nd dose,1995.0
PLW,Palau,Mumps vaccine,1995.0
PLW,Palau,PCV (Pneumococcal conjugate vaccine),2008.0
PLW,Palau,Rotavirus vaccine,2008.0
PLW,Palau,Rubella vaccine,1986.0
PLW,Palau,Seasonal Influenza vaccine,1996.0
PLW,Palau,aP (acellular pertussis) vaccine,2002.0
PNG,Papua New Guinea,HepB birth dose,1998.0
PNG,Papua New Guinea,Hepatitis B vaccine,1989.0
PNG,Papua New Guinea,Hib (Haemophilus influenzae type B) vaccine,2008.0
PNG,Papua New Guinea,IPV (Inactivated polio vaccine),2015.0
PNG,Papua New Guinea,IPV (Inactivated polio vaccine) 2nd dose,2021.0
PNG,Papua New Guinea,Measles-containing vaccine 2nd dose,2016.0
PNG,Papua New Guinea,PCV (Pneumococcal conjugate vaccine),2013.0
PNG,Papua New Guinea,Rubella vaccine,2015.0
POL,Poland,HepB birth dose,2001.0
POL,Poland,Hepatitis B vaccine,1995.0
POL,Poland,Hib (Haemophilus influenzae type B) vaccine,2004.0
POL,Poland,IPV (Inactivated polio vaccine),1957.0
POL,Poland,IPV (Inactivated polio vaccine) 2nd dose,2003.0
POL,Poland,Measles-containing vaccine 2nd dose,1991.0
POL,Poland,Mumps vaccine,2003.0
POL,Poland,PCV (Pneumococcal conjugate vaccine),2017.0
POL,Poland,Rubella vaccine,1988.0
POL,Poland,Seasonal Influenza vaccine,2017.0
POL,Poland,Varicella vaccine,2018.0
POL,Poland,aP (acellular pertussis) vaccine,2017.0
PRK,Democratic People's Republic of Korea,HepB birth dose,2004.0
PRK,Democratic People's Republic of Korea,Hepatitis B vaccine,2003.0
PRK,Democratic People's Republic of Korea,Hib (Haemophilus influenzae type B) vaccine,2012.0
PRK,Democratic People's Republic of Korea,IPV (Inactivated polio vaccine),2015.0
PRK,Democratic People's Republic of Korea,Measles-containing vaccine 2nd dose,2008.0
PRK,Democratic People's Republic of Korea,Rubella vaccine,2019.0
PRK,Democratic People's Republic of Korea,Seasonal Influenza vaccine,2022.0
PRT,Portugal,HPV (Human Papilloma Virus) vaccine,2008.0
PRT,Portugal,HepB birth dose,2000.0
PRT,Portugal,Hepatitis A vaccine,2018.0
PRT,Portugal,Hepatitis B vaccine,1994.0
PRT,Portugal,Hib (Haemophilus influenzae type B) vaccine,2000.0
PRT,Portugal,IPV (Inactivated polio vaccine),2006.0
PRT,Portugal,IPV (Inactivated polio vaccine) 2nd dose,2006.0
PRT,Portugal,Measles-containing vaccine 2nd dose,1990.0
PRT,Portugal,Meningococcal meningitis vaccines (all strains),2006.0
PRT,Portugal,Mumps vaccine,1995.0
PRT,Portugal,PCV (Pneumococcal conjugate vaccine),2015.0
PRT,Portugal,PPV (Pneumococcal polysaccharide vaccine),2015.0
PRT,Portugal,Rotavirus vaccine,2021.0
PRT,Portugal,Rubella vaccine,1984.0
PRT,Portugal,Seasonal Influenza vaccine,2013.0
PRT,Portugal,aP (acellular pertussis) vaccine,2003.0
PRY,Paraguay,HPV (Human Papilloma Virus) vaccine,2013.0
PRY,Paraguay,HepB birth dose,2012.0
PRY,Paraguay,Hepatitis A vaccine,2011.0
PRY,Paraguay,Hepatitis B vaccine,2002.0
PRY,Paraguay,Hib (Haemophilus influenzae type B) vaccine,2002.0
PRY,Paraguay,IPV (Inactivated polio vaccine),2016.0
PRY,Paraguay,IPV (Inactivated polio vaccine) 2nd dose,2019.0
PRY,Paraguay,Measles-containing vaccine 2nd dose,2004.0
PRY,Paraguay,Meningococcal meningitis vaccines (all strains),2004.0
PRY,Paraguay,Mumps vaccine,2002.0
PRY,Paraguay,PCV (Pneumococcal conjugate vaccine),2012.0
PRY,Paraguay,PPV (Pneumococcal polysaccharide vaccine),2011.0
PRY,Paraguay,Rotavirus vaccine,2010.0
PRY,Paraguay,Rubella vaccine,2002.0
PRY,Paraguay,Seasonal Influenza vaccine,2005.0
PRY,Paraguay,Varicella vaccine,2010.0
PRY,Paraguay,YF (Yellow fever) vaccine,2000.0
PRY,Paraguay,aP (acellular pertussis) vaccine,2013.0
QAT,Qatar,HPV (Human Papilloma Virus) vaccine,2023.0
QAT,Qatar,HepB birth dose,1989.0
QAT,Qatar,Hepatitis A vaccine,2010.0
QAT,Qatar,Hepatitis B vaccine,1989.0
QAT,Qatar,Hib (Haemophilus influenzae type B) vaccine,1996.0
QAT,Qatar,IPV (Inactivated polio vaccine),2010.0
QAT,Qatar,IPV (Inactivated polio vaccine) 2nd dose,2016.0
QAT,Qatar,Measles-containing vaccine 2nd dose,1996.0
QAT,Qatar,Meningococcal meningitis vaccines (all strains),2016.0
QAT,Qatar,Mumps vaccine,1996.0
QAT,Qatar,PCV (Pneumococcal conjugate vaccine),2003.0
QAT,Qatar,PPV (Pneumococcal polysaccharide vaccine),2003.0
QAT,Qatar,Rotavirus vaccine,2009.0
QAT,Qatar,Rubella vaccine,1992.0
QAT,Qatar,Seasonal Influenza vaccine,2002.0
QAT,Qatar,Varicella vaccine,2006.0
QAT,Qatar,aP (acellular pertussis) vaccine,2009.0
ROU,Romania,HPV (Human Papilloma Virus) vaccine,2023.0
ROU,Romania,HepB birth dose,1998.0
ROU,Romania,Hepatitis A vaccine,2004.0
ROU,Romania,Hepatitis B vaccine,1995.0
ROU,Romania,Hib (Haemophilus influenzae type B) vaccine,2010.0
ROU,Romania,IPV (Inactivated polio vaccine),2008.0
ROU,Romania,IPV (Inactivated polio vaccine) 2nd dose,2008.0
ROU,Romania,Measles-containing vaccine 2nd dose,1979.0
ROU,Romania,Meningococcal meningitis vaccines (all strains),2019.0
ROU,Romania,Mumps vaccine,2004.0
ROU,Romania,PCV (Pneumococcal conjugate vaccine),2017.0
ROU,Romania,Rubella vaccine,2002.0
ROU,Romania,Seasonal Influenza vaccine,2008.0
ROU,Romania,aP (acellular pertussis) vaccine,2008.0
RUS,Russian Federation,HepB birth dose,2000.0
RUS,Russian Federation,Hepatitis A vaccine,2014.0
RUS,Russian Federation,Hepatitis B vaccine,2000.0
RUS,Russian Federation,Hib (Haemophilus influenzae type B) vaccine,2014.0
RUS,Russian Federation,IPV (Inactivated polio vaccine),2008.0
RUS,Russian Federation,IPV (Inactivated polio vaccine) 2nd dose,2008.0
RUS,Russian Federation,Measles-containing vaccine 2nd dose,1991.0
RUS,Russian Federation,Meningococcal meningitis vaccines (all strains),2016.0
RUS,Russian Federation,Mumps vaccine,1995.0
RUS,Russian Federation,PCV (Pneumococcal conjugate vaccine),2014.0
RUS,Russian Federation,PPV (Pneumococcal polysaccharide vaccine),2015.0
RUS,Russian Federation,Rotavirus vaccine,2016.0
RUS,Russian Federation,Rubella vaccine,2000.0
RUS,Russian Federation,Seasonal Influenza vaccine,2008.0
RUS,Russian Federation,Varicella vaccine,2014.0
RUS,Russian Federation,aP (acellular pertussis) vaccine,2015.0
RWA,Rwanda,HPV (Human Papilloma Virus) vaccine,2011.0
RWA,Rwanda,Hepatitis B vaccine,2002.0
RWA,Rwanda,Hib (Haemophilus influenzae type B) vaccine,2002.0
RWA,Rwanda,IPV (Inactivated polio vaccine),2018.0
RWA,Rwanda,IPV (Inactivated polio vaccine) 2nd dose,2022.0
RWA,Rwanda,Measles-containing vaccine 2nd dose,2014.0
RWA,Rwanda,PCV (Pneumococcal conjugate vaccine),2009.0
RWA,Rwanda,Rotavirus vaccine,2012.0
RWA,Rwanda,Rubella vaccine,2014.0
SAU,Saudi Arabia,HPV (Human Papilloma Virus) vaccine,2022.0
SAU,Saudi Arabia,HepB birth dose,1995.0
SAU,Saudi Arabia,Hepatitis A vaccine,2008.0
SAU,Saudi Arabia,Hepatitis B vaccine,1989.0
SAU,Saudi Arabia,Hib (Haemophilus influenzae type B) vaccine,2002.0
SAU,Saudi Arabia,IPV (Inactivated polio vaccine),2008.0
SAU,Saudi Arabia,IPV (Inactivated polio vaccine) 2nd dose,2013.0
SAU,Saudi Arabia,Measles-containing vaccine 2nd dose,1991.0
SAU,Saudi Arabia,Meningococcal meningitis vaccines (all strains),2005.0
SAU,Saudi Arabia,Mumps vaccine,1996.0
SAU,Saudi Arabia,PCV (Pneumococcal conjugate vaccine),2006.0
SAU,Saudi Arabia,PPV (Pneumococcal polysaccharide vaccine),2008.0
SAU,Saudi Arabia,Rotavirus vaccine,2013.0
SAU,Saudi Arabia,Rubella vaccine,1982.0
SAU,Saudi Arabia,Seasonal Influenza vaccine,2000.0
SAU,Saudi Arabia,Varicella vaccine,2007.0
SAU,Saudi Arabia,aP (acellular pertussis) vaccine,2013.0
SDN,Sudan,Hepatitis B vaccine,2004.0
SDN,Sudan,Hib (Haemophilus influenzae type B) vaccine,2008.0
SDN,Sudan,IPV (Inactivated polio vaccine),2015.0
SDN,Sudan,IPV (Inactivated polio vaccine) 2nd dose,2023.0
SDN,Sudan,Measles-containing vaccine 2nd dose,2012.0
SDN,Sudan,Meningococcal meningitis vaccines (all strains),2016.0
SDN,Sudan,PCV (Pneumococcal conjugate vaccine),2013.0
SDN,Sudan,Rotavirus vaccine,2011.0
SEN,Senegal,HPV (Human Papilloma Virus) vaccine,2018.0
SEN,Senegal,HepB birth dose,2016.0
SEN,Senegal,Hepatitis B vaccine,2004.0
SEN,Senegal,Hib (Haemophilus influenzae type B) vaccine,2005.0
SEN,Senegal,IPV (Inactivated polio vaccine),2015.0
SEN,Senegal,IPV (Inactivated polio vaccine) 2nd dose,2023.0
SEN,Senegal,Measles-containing vaccine 2nd dose,2014.0
SEN,Senegal,PCV (Pneumococcal conjugate vaccine),2013.0
SEN,Senegal,Rotavirus vaccine,2014.0
SEN,Senegal,Rubella vaccine,2013.0
SEN,Senegal,YF (Yellow fever) vaccine,1996.0
SGP,Singapore,HPV (Human Papilloma Virus) vaccine,2010.0
SGP,Singapore,HepB birth dose,1998.0
SGP,Singapore,Hepatitis B vaccine,1985.0
SGP,Singapore,Hib (Haemophilus influenzae type B) vaccine,2013.0
SGP,Singapore,IPV (Inactivated polio vaccine),2013.0
SGP,Singapore,IPV (Inactivated polio vaccine) 2nd dose,2013.0
SGP,Singapore,Measles-containing vaccine 2nd dose,1998.0
SGP,Singapore,Mumps vaccine,1995.0
SGP,Singapore,PCV (Pneumococcal conjugate vaccine),2009.0
SGP,Singapore,PPV (Pneumococcal polysaccharide vaccine),2010.0
SGP,Singapore,Rubella vaccine,1982.0
SGP,Singapore,Seasonal Influenza vaccine,2019.0
SGP,Singapore,Varicella vaccine,2023.0
SGP,Singapore,aP (acellular pertussis) vaccine,2006.0
SLB,Solomon Islands,HPV (Human Papilloma Virus) vaccine,2019.0
SLB,Solomon Islands,HepB birth dose,1998.0
SLB,Solomon Islands,Hepatitis B vaccine,1990.0
SLB,Solomon Islands,Hib (Haemophilus influenzae type B) vaccine,2008.0
SLB,Solomon Islands,IPV (Inactivated polio vaccine),2015.0
SLB,Solomon Islands,Measles-containing vaccine 2nd dose,2018.0
SLB,Solomon Islands,PCV (Pneumococcal conjugate vaccine),2015.0
SLB,Solomon Islands,Rotavirus vaccine,2020.0
SLB,Solomon Islands,Rubella vaccine,2013.0
SLE,Sierra Leone,HPV (Human Papilloma Virus) vaccine,2022.0
SLE,Sierra Leone,Hepatitis B vaccine,2007.0
SLE,Sierra Leone,Hib (Haemophilus influenzae type B) vaccine,2007.0
SLE,Sierra Leone,IPV (Inactivated polio vaccine),2018.0
SLE,Sierra Leone,IPV (Inactivated polio vaccine) 2nd dose,2021.0
SLE,Sierra Leone,Measles-containing vaccine 2nd dose,2015.0
SLE,Sierra Leone,PCV (Pneumococcal conjugate vaccine),2011.0
SLE,Sierra Leone,Rotavirus vaccine,2014.0
SLE,Sierra Leone,Rubella vaccine,2019.0
SLE,Sierra Leone,YF (Yellow fever) vaccine,2002.0
SLV,El Salvador,HPV (Human Papilloma Virus) vaccine,2020.0
SLV,El Salvador,HepB birth dose,2015.0
SLV,El Salvador,Hepatitis A vaccine,2023.0
SLV,El Salvador,Hepatitis B vaccine,1999.0
SLV,El Salvador,Hib (Haemophilus influenzae type B) vaccine,2002.0
SLV,El Salvador,IPV (Inactivated polio vaccine),2016.0
SLV,El Salvador,IPV (Inactivated polio vaccine) 2nd dose,2019.0
SLV,El Salvador,Measles-containing vaccine 2nd dose,2000.0
SLV,El Salvador,Mumps vaccine,1997.0
SLV,El Salvador,PCV (Pneumococcal conjugate vaccine),2009.0
SLV,El Salvador,PPV (Pneumococcal polysaccharide vaccine),2023.0
SLV,El Salvador,Rotavirus vaccine,2006.0
SLV,El Salvador,Rubella vaccine,1997.0
SLV,El Salvador,Seasonal Influenza vaccine,2004.0
SLV,El Salvador,Varicella vaccine,2023.0
SLV,El Salvador,aP (acellular pertussis) vaccine,2015.0
SMR,San Marino,HPV (Human Papilloma Virus) vaccine,2008.0
SMR,San Marino,HepB birth dose,2018.0
SMR,San Marino,Hepatitis A vaccine,2007.0
SMR,San Marino,Hepatitis B vaccine,1995.0
SMR,San Marino,Hib (Haemophilus influenzae type B) vaccine,1996.0
SMR,San Marino,IPV (Inactivated polio vaccine),1960.0
SMR,San Marino,IPV (Inactivated polio vaccine) 2nd dose,2003.0
SMR,San Marino,Measles-containing vaccine 2nd dose,2001.0
SMR,San Marino,Meningococcal meningitis vaccines (all strains),2016.0
SMR,San Marino,Mumps vaccine,1998.0
SMR,San Marino,PCV (Pneumococcal conjugate vaccine),2016.0
SMR,San Marino,PPV (Pneumococcal polysaccharide vaccine),2005.0
SMR,San Marino,Rotavirus vaccine,2020.0
SMR,San Marino,Rubella vaccine,1995.0
SMR,San Marino,Seasonal Influenza vaccine,2008.0
SMR,San Marino,Varicella vaccine,2016.0
SMR,San Marino,aP (acellular pertussis) vaccine,2004.0
SOM,Somalia,Hepatitis B vaccine,2013.0
SOM,Somalia,Hib (Haemophilus influenzae type B) vaccine,2013.0
SOM,Somalia,IPV (Inactivated polio vaccine),2015.0
SOM,Somalia,IPV (Inactivated polio vaccine) 2nd dose,2022.0
SOM,Somalia,Measles-containing vaccine 2nd dose,2022.0
SRB,Serbia,HPV (Human Papilloma Virus) vaccine,2022.0
SRB,Serbia,HepB birth dose,2006.0
SRB,Serbia,Hepatitis A vaccine,2018.0
SRB,Serbia,Hepatitis B vaccine,2002.0
SRB,Serbia,Hib (Haemophilus influenzae type B) vaccine,2006.0
SRB,Serbia,IPV (Inactivated polio vaccine),2015.0
SRB,Serbia,IPV (Inactivated polio vaccine) 2nd dose,2015.0
SRB,Serbia,Measles-containing vaccine 2nd dose,1994.0
SRB,Serbia,Meningococcal meningitis vaccines (all strains),2005.0
SRB,Serbia,Mumps vaccine,2002.0
SRB,Serbia,PCV (Pneumococcal conjugate vaccine),2014.0
SRB,Serbia,PPV (Pneumococcal polysaccharide vaccine),2007.0
SRB,Serbia,Rubella vaccine,1994.0
SRB,Serbia,Seasonal Influenza vaccine,2008.0
SRB,Serbia,Varicella vaccine,2019.0
SRB,Serbia,aP (acellular pertussis) vaccine,2016.0
SSD,South Sudan,Hepatitis B vaccine,2014.0
SSD,South Sudan,Hib (Haemophilus influenzae type B) vaccine,2014.0
SSD,South Sudan,IPV (Inactivated polio vaccine),2015.0
SSD,South Sudan,IPV (Inactivated polio vaccine) 2nd dose,2021.0
STP,Sao Tome and Principe,HPV (Human Papilloma Virus) vaccine,2017.0
STP,Sao Tome and Principe,HepB birth dose,2010.0
STP,Sao Tome and Principe,Hepatitis B vaccine,2003.0
STP,Sao Tome and Principe,Hib (Haemophilus influenzae type B) vaccine,2009.0
STP,Sao Tome and Principe,IPV (Inactivated polio vaccine),2016.0
STP,Sao Tome and Principe,Measles-containing vaccine 2nd dose,2013.0
STP,Sao Tome and Principe,PCV (Pneumococcal conjugate vaccine),2012.0
STP,Sao Tome and Principe,Rotavirus vaccine,2016.0
STP,Sao Tome and Principe,Rubella vaccine,2016.0
STP,Sao Tome and Principe,YF (Yellow fever) vaccine,2003.0
SUR,Suriname,HPV (Human Papilloma Virus) vaccine,2013.0
SUR,Suriname,HepB birth dose,2003.0
SUR,Suriname,Hepatitis B vaccine,2003.0
SUR,Suriname,Hib (Haemophilus influenzae type B) vaccine,2005.0
SUR,Suriname,IPV (Inactivated polio vaccine),2015.0
SUR,Suriname,IPV (Inactivated polio vaccine) 2nd dose,2023.0
SUR,Suriname,Measles-containing vaccine 2nd dose,2005.0
SUR,Suriname,Meningococcal meningitis vaccines (all strains),2017.0
SUR,Suriname,Mumps vaccine,1993.0
SUR,Suriname,Rubella vaccine,1993.0
SUR,Suriname,Seasonal Influenza vaccine,2009.0
SUR,Suriname,YF (Yellow fever) vaccine,2004.0
SUR,Suriname,aP (acellular pertussis) vaccine,2014.0
SVK,Slovakia,HPV (Human Papilloma Virus) vaccine,2021.0
SVK,Slovakia,HepB birth dose,2010.0
SVK,Slovakia,Hepatitis B vaccine,1998.0
SVK,Slovakia,Hib (Haemophilus influenzae type B) vaccine,2000.0
SVK,Slovakia,IPV (Inactivated polio vaccine),2005.0
SVK,Slovakia,IPV (Inactivated polio vaccine) 2nd dose,2005.0
SVK,Slovakia,Measles-containing vaccine 2nd dose,1993.0
SVK,Slovakia,Mumps vaccine,1995.0
SVK,Slovakia,PCV (Pneumococcal conjugate vaccine),2009.0
SVK,Slovakia,Rubella vaccine,1993.0
SVK,Slovakia,Seasonal Influenza vaccine,2008.0
SVK,Slovakia,aP (acellular pertussis) vaccine,2006.0
SVN,Slovenia,HPV (Human Papilloma Virus) vaccine,2009.0
SVN,Slovenia,HepB birth dose,2014.0
SVN,Slovenia,Hepatitis A vaccine,2005.0
SVN,Slovenia,Hepatitis B vaccine,1998.0
SVN,Slovenia,Hib (Haemophilus influenzae type B) vaccine,1994.0
SVN,Slovenia,IPV (Inactivated polio vaccine),2004.0
SVN,Slovenia,IPV (Inactivated polio vaccine) 2nd dose,2004.0
SVN,Slovenia,Measles-containing vaccine 2nd dose,1991.0
SVN,Slovenia,Meningococcal meningitis vaccines (all strains),2005.0
SVN,Slovenia,Mumps vaccine,1995.0
SVN,Slovenia,PCV (Pneumococcal conjugate vaccine),2005.0
SVN,Slovenia,PPV (Pneumococcal polysaccharide vaccine),2003.0
SVN,Slovenia,Rubella vaccine,1991.0
SVN,Slovenia,Seasonal Influenza vaccine,2008.0
SVN,Slovenia,Varicella vaccine,2014.0
SVN,Slovenia,aP (acellular pertussis) vaccine,2006.0
SWE,Sweden,HPV (Human Papilloma Virus) vaccine,2010.0
SWE,Sweden,HepB birth dose,2010.0
SWE,Sweden,Hepatitis B vaccine,2014.0
SWE,Sweden,Hib (Haemophilus influenzae type B) vaccine,1992.0
SWE,Sweden,IPV (Inactivated polio vaccine),1982.0
SWE,Sweden,IPV (Inactivated polio vaccine) 2nd dose,1995.0
SWE,Sweden,Measles-containing vaccine 2nd dose,1982.0
SWE,Sweden,Mumps vaccine,1995.0
SWE,Sweden,PCV (Pneumococcal conjugate vaccine),2006.0
SWE,Sweden,PPV (Pneumococcal polysaccharide vaccine),2005.0
SWE,Sweden,Rotavirus vaccine,2014.0
SWE,Sweden,Rubella vaccine,1974.0
SWE,Sweden,Seasonal Influenza vaccine,2011.0
SWE,Sweden,aP (acellular pertussis) vaccine,2002.0
SWZ,Eswatini,Hepatitis B vaccine,1996.0
SWZ,Eswatini,Hib (Haemophilus influenzae type B) vaccine,2009.0
SWZ,Eswatini,IPV (Inactivated polio vaccine),2016.0
SWZ,Eswatini,Measles-containing vaccine 2nd dose,1995.0
SWZ,Eswatini,PCV (Pneumococcal conjugate vaccine),2014.0
SWZ,Eswatini,Rotavirus vaccine,2015.0
SWZ,Eswatini,Rubella vaccine,2016.0
SYC,Seychelles,HPV (Human Papilloma Virus) vaccine,2014.0
SYC,Seychelles,HepB birth dose,2023.0
SYC,Seychelles,Hepatitis B vaccine,1995.0
SYC,Seychelles,Hib (Haemophilus influenzae type B) vaccine,2010.0
SYC,Seychelles,IPV (Inactivated polio vaccine),2015.0
SYC,Seychelles,Measles-containing vaccine 2nd dose,1989.0
SYC,Seychelles,Mumps vaccine,1998.0
SYC,Seychelles,PCV (Pneumococcal conjugate vaccine),2018.0
SYC,Seychelles,Rotavirus vaccine,2017.0
SYC,Seychelles,Rubella vaccine,1980.0
SYC,Seychelles,YF (Yellow fever) vaccine,1995.0
SYR,Syrian Arab Republic,HepB birth dose,2003.0
SYR,Syrian Arab Republic,Hepatitis B vaccine,1993.0
SYR,Syrian Arab Republic,Hib (Haemophilus influenzae type B) vaccine,2001.0
SYR,Syrian Arab Republic,IPV (Inactivated polio vaccine),2008.0
SYR,Syrian Arab Republic,IPV (Inactivated polio vaccine) 2nd dose,2008.0
SYR,Syrian Arab Republic,Measles-containing vaccine 2nd dose,1993.0
SYR,Syrian Arab Republic,Meningococcal meningitis vaccines (all strains),2004.0
SYR,Syrian Arab Republic,Mumps vaccine,2001.0
SYR,Syrian Arab Republic,Rubella vaccine,1999.0
SYR,Syrian Arab Republic,Seasonal Influenza vaccine,2016.0
TCD,Chad,Hepatitis B vaccine,2008.0
TCD,Chad,Hib (Haemophilus influenzae type B) vaccine,2008.0
TCD,Chad,IPV (Inactivated polio vaccine),2015.0
TCD,Chad,IPV (Inactivated polio vaccine) 2nd dose,2021.0
TCD,Chad,Measles-containing vaccine 2nd dose,2022.0
TCD,Chad,Meningococcal meningitis vaccines (all strains),2017.0
TCD,Chad,YF (Yellow fever) vaccine,1985.0
TGO,Togo,Hepatitis B vaccine,2008.0
TGO,Togo,Hib (Haemophilus influenzae type B) vaccine,2008.0
TGO,Togo,IPV (Inactivated polio vaccine),2018.0
TGO,Togo,IPV (Inactivated polio vaccine) 2nd dose,2022.0
TGO,Togo,Measles-containing vaccine 2nd dose,2019.0
TGO,Togo,Meningococcal meningitis vaccines (all strains),2022.0
TGO,Togo,PCV (Pneumococcal conjugate vaccine),2014.0
TGO,Togo,Rotavirus vaccine,2014.0
TGO,Togo,Rubella vaccine,2018.0
TGO,Togo,YF (Yellow fever) vaccine,2004.0
THA,Thailand,HPV (Human Papilloma Virus) vaccine,2017.0
THA,Thailand,HepB birth dose,1998.0
THA,Thailand,Hepatitis B vaccine,1988.0
THA,Thailand,Hib (Haemophilus influenzae type B) vaccine,2019.0
THA,Thailand,IPV (Inactivated polio vaccine),2015.0
THA,Thailand,IPV (Inactivated polio vaccine) 2nd dose,2023.0
THA,Thailand,Japanese Encephalitis,2002.0
THA,Thailand,Measles-containing vaccine 2nd dose,1996.0
THA,Thailand,Meningococcal meningitis vaccines (all strains),2005.0
THA,Thailand,Mumps vaccine,1997.0
THA,Thailand,Rotavirus vaccine,2017.0
THA,Thailand,Rubella vaccine,1986.0
THA,Thailand,Seasonal Influenza vaccine,2008.0
TJK,Tajikistan,HepB birth dose,1998.0
TJK,Tajikistan,Hepatitis B vaccine,2002.0
TJK,Tajikistan,Hib (Haemophilus influenzae type B) vaccine,2008.0
TJK,Tajikistan,IPV (Inactivated polio vaccine),2018.0
TJK,Tajikistan,IPV (Inactivated polio vaccine) 2nd dose,2022.0
TJK,Tajikistan,Measles-containing vaccine 2nd dose,1991.0
TJK,Tajikistan,Mumps vaccine,2020.0
TJK,Tajikistan,PCV (Pneumococcal conjugate vaccine),2022.0
TJK,Tajikistan,Rotavirus vaccine,2015.0
TJK,Tajikistan,Rubella vaccine,2009.0
TJK,Tajikistan,Seasonal Influenza vaccine,2018.0
TKM,Turkmenistan,HPV (Human Papilloma Virus) vaccine,2016.0
TKM,Turkmenistan,HepB birth dose,2002.0
TKM,Turkmenistan,Hepatitis A vaccine,2019.0
TKM,Turkmenistan,Hepatitis B vaccine,2002.0
TKM,Turkmenistan,Hib (Haemophilus influenzae type B) vaccine,2010.0
TKM,Turkmenistan,IPV (Inactivated polio vaccine),2018.0
TKM,Turkmenistan,Measles-containing vaccine 2nd dose,1991.0
TKM,Turkmenistan,Mumps vaccine,1995.0
TKM,Turkmenistan,PCV (Pneumococcal conjugate vaccine),2019.0
TKM,Turkmenistan,Rotavirus vaccine,2019.0
TKM,Turkmenistan,Rubella vaccine,2007.0
TKM,Turkmenistan,Seasonal Influenza vaccine,2014.0
TLS,Timor-Leste,HepB birth dose,2016.0
TLS,Timor-Leste,Hepatitis B vaccine,2007.0
TLS,Timor-Leste,Hib (Haemophilus influenzae type B) vaccine,2012.0
TLS,Timor-Leste,IPV (Inactivated polio vaccine),2016.0
TLS,Timor-Leste,Measles-containing vaccine 2nd dose,2016.0
TLS,Timor-Leste,PCV (Pneumococcal conjugate vaccine),2023.0
TLS,Timor-Leste,Rotavirus vaccine,2019.0
TLS,Timor-Leste,Rubella vaccine,2016.0
TON,Tonga,HPV (Human Papilloma Virus) vaccine,2022.0
TON,Tonga,HepB birth dose,1999.0
TON,Tonga,Hepatitis B vaccine,1988.0
TON,Tonga,Hib (Haemophilus influenzae type B) vaccine,2005.0
TON,Tonga,IPV (Inactivated polio vaccine),2015.0
TON,Tonga,Measles-containing vaccine 2nd dose,2002.0
TON,Tonga,PCV (Pneumococcal conjugate vaccine),2021.0
TON,Tonga,Rotavirus vaccine,2021.0
TON,Tonga,Rubella vaccine,2002.0
TON,Tonga,Seasonal Influenza vaccine,2020.0
TTO,Trinidad and Tobago,HPV (Human Papilloma Virus) vaccine,2012.0
TTO,Trinidad and Tobago,Hepatitis B vaccine,2003.0
TTO,Trinidad and Tobago,Hib (Haemophilus influenzae type B) vaccine,1999.0
TTO,Trinidad and Tobago,IPV (Inactivated polio vaccine),2015.0
TTO,Trinidad and Tobago,IPV (Inactivated polio vaccine) 2nd dose,2020.0
TTO,Trinidad and Tobago,Measles-containing vaccine 2nd dose,2001.0
TTO,Trinidad and Tobago,Meningococcal meningitis vaccines (all strains),2012.0
TTO,Trinidad and Tobago,Mumps vaccine,1984.0
TTO,Trinidad and Tobago,PCV (Pneumococcal conjugate vaccine),2009.0
TTO,Trinidad and Tobago,PPV (Pneumococcal polysaccharide vaccine),2010.0
TTO,Trinidad and Tobago,Rubella vaccine,1984.0
TTO,Trinidad and Tobago,Seasonal Influenza vaccine,2007.0
TTO,Trinidad and Tobago,Varicella vaccine,2014.0
TTO,Trinidad and Tobago,YF (Yellow fever) vaccine,1984.0
TUN,Tunisia,HepB birth dose,2006.0
TUN,Tunisia,Hepatitis A vaccine,2018.0
TUN,Tunisia,Hepatitis B vaccine,1995.0
TUN,Tunisia,Hib (Haemophilus influenzae type B) vaccine,2011.0
TUN,Tunisia,IPV (Inactivated polio vaccine),2014.0
TUN,Tunisia,IPV (Inactivated polio vaccine) 2nd dose,2017.0
TUN,Tunisia,Measles-containing vaccine 2nd dose,1981.0
TUN,Tunisia,PCV (Pneumococcal conjugate vaccine),2019.0
TUN,Tunisia,Rubella vaccine,2012.0
TUN,Tunisia,Seasonal Influenza vaccine,2014.0
TUR,Türkiye,HepB birth dose,2003.0
TUR,Türkiye,Hepatitis A vaccine,2013.0
TUR,Türkiye,Hepatitis B vaccine,1998.0
TUR,Türkiye,Hib (Haemophilus influenzae type B) vaccine,2006.0
TUR,Türkiye,IPV (Inactivated polio vaccine),2008.0
TUR,Türkiye,IPV (Inactivated polio vaccine) 2nd dose,2008.0
TUR,Türkiye,Measles-containing vaccine 2nd dose,1997.0
TUR,Türkiye,Mumps vaccine,2006.0
TUR,Türkiye,PCV (Pneumococcal conjugate vaccine),2008.0
TUR,Türkiye,Rubella vaccine,2006.0
TUR,Türkiye,Seasonal Influenza vaccine,2005.0
TUR,Türkiye,Varicella vaccine,2013.0
TUR,Türkiye,aP (acellular pertussis) vaccine,2006.0
TUV,Tuvalu,HPV (Human Papilloma Virus) vaccine,2021.0
TUV,Tuvalu,HepB birth dose,1998.0
TUV,Tuvalu,Hepatitis B vaccine,1993.0
TUV,Tuvalu,Hib (Haemophilus influenzae type B) vaccine,2009.0
TUV,Tuvalu,IPV (Inactivated polio vaccine),2015.0
TUV,Tuvalu,IPV (Inactivated polio vaccine) 2nd dose,2015.0
TUV,Tuvalu,Measles-containing vaccine 2nd dose,2005.0
TUV,Tuvalu,PCV (Pneumococcal conjugate vaccine),2021.0
TUV,Tuvalu,Rotavirus vaccine,2021.0
TUV,Tuvalu,Rubella vaccine,2005.0
TZA,United Republic of Tanzania,HPV (Human Papilloma Virus) vaccine,2018.0
TZA,United Republic of Tanzania,Hepatitis B vaccine,2002.0
TZA,United Republic of Tanzania,Hib (Haemophilus influenzae type B) vaccine,2009.0
TZA,United Republic of Tanzania,IPV (Inactivated polio vaccine),2018.0
TZA,United Republic of Tanzania,Measles-containing vaccine 2nd dose,2014.0
TZA,United Republic of Tanzania,PCV (Pneumococcal conjugate vaccine),2013.0
TZA,United Republic of Tanzania,Rotavirus vaccine,2013.0
TZA,United Republic of Tanzania,Rubella vaccine,2014.0
UGA,Uganda,HPV (Human Papilloma Virus) vaccine,2015.0
UGA,Uganda,HepB birth dose,2022.0
UGA,Uganda,Hepatitis B vaccine,2002.0
UGA,Uganda,Hib (Haemophilus influenzae type B) vaccine,2002.0
UGA,Uganda,IPV (Inactivated polio vaccine),2016.0
UGA,Uganda,IPV (Inactivated polio vaccine) 2nd dose,2022.0
UGA,Uganda,Measles-containing vaccine 2nd dose,2022.0
UGA,Uganda,PCV (Pneumococcal conjugate vaccine),2013.0
UGA,Uganda,Rotavirus vaccine,2018.0
UGA,Uganda,Rubella vaccine,2019.0
UGA,Uganda,YF (Yellow fever) vaccine,2022.0
UKR,Ukraine,HepB birth dose,2002.0
UKR,Ukraine,Hepatitis B vaccine,2001.0
UKR,Ukraine,Hib (Haemophilus influenzae type B) vaccine,2006.0
UKR,Ukraine,IPV (Inactivated polio vaccine),1991.0
UKR,Ukraine,IPV (Inactivated polio vaccine) 2nd dose,2004.0
UKR,Ukraine,Measles-containing vaccine 2nd dose,1991.0
UKR,Ukraine,Mumps vaccine,1995.0
UKR,Ukraine,Rubella vaccine,1996.0
UKR,Ukraine,Seasonal Influenza vaccine,2015.0
URY,Uruguay,HPV (Human Papilloma Virus) vaccine,2013.0
URY,Uruguay,Hepatitis A vaccine,2008.0
URY,Uruguay,Hepatitis B vaccine,1999.0
URY,Uruguay,Hib (Haemophilus influenzae type B) vaccine,1994.0
URY,Uruguay,IPV (Inactivated polio vaccine),2012.0
URY,Uruguay,IPV (Inactivated polio vaccine) 2nd dose,2012.0
URY,Uruguay,Measles-containing vaccine 2nd dose,1992.0
URY,Uruguay,Meningococcal meningitis vaccines (all strains),2022.0
URY,Uruguay,Mumps vaccine,1982.0
URY,Uruguay,PCV (Pneumococcal conjugate vaccine),2008.0
URY,Uruguay,PPV (Pneumococcal polysaccharide vaccine),2008.0
URY,Uruguay,Rubella vaccine,1982.0
URY,Uruguay,Seasonal Influenza vaccine,1996.0
URY,Uruguay,Varicella vaccine,2004.0
URY,Uruguay,aP (acellular pertussis) vaccine,2012.0
USA,United States of America,HPV (Human Papilloma Virus) vaccine,2006.0
USA,United States of America,HepB birth dose,1999.0
USA,United States of America,Hepatitis A vaccine,2002.0
USA,United States of America,Hepatitis B vaccine,1982.0
USA,United States of America,Hib (Haemophilus influenzae type B) vaccine,1991.0
USA,United States of America,IPV (Inactivated polio vaccine),1997.0
USA,United States of America,IPV (Inactivated polio vaccine) 2nd dose,2002.0
USA,United States of America,Measles-containing vaccine 2nd dose,1989.0
USA,United States of America,Meningococcal meningitis vaccines (all strains),2016.0
USA,United States of America,Mumps vaccine,1969.0
USA,United States of America,PCV (Pneumococcal conjugate vaccine),2000.0
USA,United States of America,PPV (Pneumococcal polysaccharide vaccine),2003.0
USA,United States of America,Rotavirus vaccine,2006.0
USA,United States of America,Rubella vaccine,1969.0
USA,United States of America,Seasonal Influenza vaccine,1940.0
USA,United States of America,Varicella vaccine,2004.0
USA,United States of America,aP (acellular pertussis) vaccine,2006.0
UZB,Uzbekistan,HPV (Human Papilloma Virus) vaccine,2019.0
UZB,Uzbekistan,HepB birth dose,1998.0
UZB,Uzbekistan,Hepatitis B vaccine,1997.0
UZB,Uzbekistan,Hib (Haemophilus influenzae type B) vaccine,2009.0
UZB,Uzbekistan,IPV (Inactivated polio vaccine),2018.0
UZB,Uzbekistan,IPV (Inactivated polio vaccine) 2nd dose,2022.0
UZB,Uzbekistan,Measles-containing vaccine 2nd dose,1991.0
UZB,Uzbekistan,Mumps vaccine,1995.0
UZB,Uzbekistan,PCV (Pneumococcal conjugate vaccine),2015.0
UZB,Uzbekistan,Rotavirus vaccine,2014.0
UZB,Uzbekistan,Rubella vaccine,2004.0
UZB,Uzbekistan,Seasonal Influenza vaccine,1996.0
VCT,Saint Vincent and the Grenadines,HPV (Human Papilloma Virus) vaccine,2017.0
VCT,Saint Vincent and the Grenadines,HepB birth dose,2011.0
VCT,Saint Vincent and the Grenadines,Hepatitis B vaccine,2003.0
VCT,Saint Vincent and the Grenadines,Hib (Haemophilus influenzae type B) vaccine,2003.0
VCT,Saint Vincent and the Grenadines,IPV (Inactivated polio vaccine),2015.0
VCT,Saint Vincent and the Grenadines,IPV (Inactivated polio vaccine) 2nd dose,2016.0
VCT,Saint Vincent and the Grenadines,Measles-containing vaccine 2nd dose,1997.0
VCT,Saint Vincent and the Grenadines,Mumps vaccine,1991.0
VCT,Saint Vincent and the Grenadines,Rubella vaccine,1991.0
VEN,Venezuela (Bolivarian Republic of),HepB birth dose,2003.0
VEN,Venezuela (Bolivarian Republic of),Hepatitis B vaccine,2000.0
VEN,Venezuela (Bolivarian Republic of),Hib (Haemophilus influenzae type B) vaccine,2000.0
VEN,Venezuela (Bolivarian Republic of),IPV (Inactivated polio vaccine),2016.0
VEN,Venezuela (Bolivarian Republic of),IPV (Inactivated polio vaccine) 2nd dose,2021.0
VEN,Venezuela (Bolivarian Republic of),Measles-containing vaccine 2nd dose,2009.0
VEN,Venezuela (Bolivarian Republic of),Meningococcal meningitis vaccines (all strains),2012.0
VEN,Venezuela (Bolivarian Republic of),Mumps vaccine,1998.0
VEN,Venezuela (Bolivarian Republic of),PCV (Pneumococcal conjugate vaccine),2014.0
VEN,Venezuela (Bolivarian Republic of),PPV (Pneumococcal polysaccharide vaccine),2009.0
VEN,Venezuela (Bolivarian Republic of),Rotavirus vaccine,2006.0
VEN,Venezuela (Bolivarian Republic of),Rubella vaccine,1998.0
VEN,Venezuela (Bolivarian Republic of),Seasonal Influenza vaccine,2007.0
VEN,Venezuela (Bolivarian Republic of),YF (Yellow fever) vaccine,2000.0
VNM,Viet Nam,HepB birth dose,2002.0
VNM,Viet Nam,Hepatitis B vaccine,1997.0
VNM,Viet Nam,Hib (Haemophilus influenzae type B) vaccine,2010.0
VNM,Viet Nam,IPV (Inactivated polio vaccine),2018.0
VNM,Viet Nam,IPV (Inactivated polio vaccine) 2nd dose,2022.0
VNM,Viet Nam,Japanese Encephalitis,2002.0
VNM,Viet Nam,Measles-containing vaccine 2nd dose,2006.0
VNM,Viet Nam,Rubella vaccine,2015.0
VNM,Viet Nam,Seasonal Influenza vaccine,2018.0
VUT,Vanuatu,HPV (Human Papilloma Virus) vaccine,2023.0
VUT,Vanuatu,HepB birth dose,1998.0
VUT,Vanuatu,Hepatitis B vaccine,1993.0
VUT,Vanuatu,Hib (Haemophilus influenzae type B) vaccine,2011.0
VUT,Vanuatu,IPV (Inactivated polio vaccine),2015.0
VUT,Vanuatu,Measles-containing vaccine 2nd dose,2023.0
VUT,Vanuatu,Mumps vaccine,2023.0
VUT,Vanuatu,PCV (Pneumococcal conjugate vaccine),2021.0
VUT,Vanuatu,Rotavirus vaccine,2021.0
VUT,Vanuatu,Rubella vaccine,2015.0
WSM,Samoa,HPV (Human Papilloma Virus) vaccine,2022.0
WSM,Samoa,HepB birth dose,1998.0
WSM,Samoa,Hepatitis B vaccine,1990.0
WSM,Samoa,Hib (Haemophilus influenzae type B) vaccine,2007.0
WSM,Samoa,IPV (Inactivated polio vaccine),2015.0
WSM,Samoa,Measles-containing vaccine 2nd dose,2005.0
WSM,Samoa,Mumps vaccine,2009.0
WSM,Samoa,PCV (Pneumococcal conjugate vaccine),2021.0
WSM,Samoa,Rotavirus vaccine,2021.0
WSM,Samoa,Rubella vaccine,2004.0
WSM,Samoa,Typhoid,2021.0
YEM,Yemen,Hepatitis B vaccine,1998.0
YEM,Yemen,Hib (Haemophilus influenzae type B) vaccine,2005.0
YEM,Yemen,IPV (Inactivated polio vaccine),2015.0
YEM,Yemen,IPV (Inactivated polio vaccine) 2nd dose,2021.0
YEM,Yemen,Measles-containing vaccine 2nd dose,2004.0
YEM,Yemen,PCV (Pneumococcal conjugate vaccine),2011.0
YEM,Yemen,Rotavirus vaccine,2012.0
YEM,Yemen,Rubella vaccine,2015.0
ZAF,South Africa,HPV (Human Papilloma Virus) vaccine,2014.0
ZAF,South Africa,Hepatitis B vaccine,1995.0
ZAF,South Africa,Hib (Haemophilus influenzae type B) vaccine,1998.0
ZAF,South Africa,IPV (Inactivated polio vaccine),2009.0
ZAF,South Africa,IPV (Inactivated polio vaccine) 2nd dose,2009.0
ZAF,South Africa,Measles-containing vaccine 2nd dose,1994.0
ZAF,South Africa,PCV (Pneumococcal conjugate vaccine),2008.0
ZAF,South Africa,Rotavirus vaccine,2008.0
ZAF,South Africa,Seasonal Influenza vaccine,2009.0
ZAF,South Africa,aP (acellular pertussis) vaccine,2010.0
ZMB,Zambia,HPV (Human Papilloma Virus) vaccine,2019.0
ZMB,Zambia,Hepatitis B vaccine,2005.0
ZMB,Zambia,Hib (Haemophilus influenzae type B) vaccine,2004.0
ZMB,Zambia,IPV (Inactivated polio vaccine),2018.0
ZMB,Zambia,Measles-containing vaccine 2nd dose,2013.0
ZMB,Zambia,PCV (Pneumococcal conjugate vaccine),2013.0
ZMB,Zambia,Rotavirus vaccine,2012.0
ZMB,Zambia,Rubella vaccine,2017.0
ZWE,Zimbabwe,HPV (Human Papilloma Virus) vaccine,2018.0
ZWE,Zimbabwe,Hepatitis B vaccine,1994.0
ZWE,Zimbabwe,Hib (Haemophilus influenzae type B) vaccine,2008.0
ZWE,Zimbabwe,IPV (Inactivated polio vaccine),2019.0
ZWE,Zimbabwe,IPV (Inactivated polio vaccine) 2nd dose,2022.0
ZWE,Zimbabwe,Measles-containing vaccine 2nd dose,2015.0
ZWE,Zimbabwe,PCV (Pneumococcal conjugate vaccine),2012.0
ZWE,Zimbabwe,Rotavirus vaccine,2014.0
ZWE,Zimbabwe,Rubella vaccine,2015.0
